latitude,longitude,bright_ti4,scan,track,acq_date,acq_time,satellite,instrument,confidence,version,bright_ti5,frp,daynight,type,query_start_date,query_day_range,source_product
27.51278,77.52616,337.06,0.41,0.37,2023-10-16,749,N,VIIRS,n,2,297.84,5.34,D,0,2023-10-16,5,VIIRS_SNPP_SP
27.59976,77.542,334.0,0.41,0.37,2023-10-16,749,N,VIIRS,n,2,298.99,2.87,D,0,2023-10-16,5,VIIRS_SNPP_SP
27.61198,77.53091,334.06,0.41,0.37,2023-10-16,749,N,VIIRS,n,2,297.78,2.59,D,0,2023-10-16,5,VIIRS_SNPP_SP
27.67039,77.48095,330.1,0.41,0.37,2023-10-16,749,N,VIIRS,n,2,301.42,1.77,D,0,2023-10-16,5,VIIRS_SNPP_SP
27.71731,77.5733,330.09,0.41,0.37,2023-10-16,749,N,VIIRS,l,2,303.35,2.28,D,0,2023-10-16,5,VIIRS_SNPP_SP
27.72848,77.47421,338.08,0.41,0.37,2023-10-16,749,N,VIIRS,n,2,299.72,4.12,D,0,2023-10-16,5,VIIRS_SNPP_SP
27.73069,77.52916,330.86,0.41,0.37,2023-10-16,749,N,VIIRS,l,2,301.5,2.7,D,0,2023-10-16,5,VIIRS_SNPP_SP
27.73408,77.52844,335.26,0.41,0.37,2023-10-16,749,N,VIIRS,n,2,301.26,2.7,D,0,2023-10-16,5,VIIRS_SNPP_SP
27.73477,77.53255,332.71,0.41,0.37,2023-10-16,749,N,VIIRS,n,2,300.95,2.7,D,0,2023-10-16,5,VIIRS_SNPP_SP
27.80456,77.4667,337.3,0.41,0.37,2023-10-16,749,N,VIIRS,n,2,302.43,5.12,D,0,2023-10-16,5,VIIRS_SNPP_SP
27.85876,77.39168,335.28,0.41,0.37,2023-10-16,749,N,VIIRS,n,2,301.54,4.94,D,0,2023-10-16,5,VIIRS_SNPP_SP
27.87794,77.44328,331.74,0.41,0.37,2023-10-16,749,N,VIIRS,n,2,300.72,1.61,D,0,2023-10-16,5,VIIRS_SNPP_SP
27.88134,77.44257,345.56,0.41,0.37,2023-10-16,749,N,VIIRS,n,2,302.48,4.2,D,0,2023-10-16,5,VIIRS_SNPP_SP
27.89632,77.4693,331.14,0.41,0.37,2023-10-16,749,N,VIIRS,l,2,303.99,1.58,D,0,2023-10-16,5,VIIRS_SNPP_SP
27.94088,77.48593,337.05,0.41,0.37,2023-10-16,749,N,VIIRS,n,2,304.61,4.61,D,0,2023-10-16,5,VIIRS_SNPP_SP
27.94427,77.48523,332.77,0.41,0.37,2023-10-16,749,N,VIIRS,n,2,301.34,4.61,D,0,2023-10-16,5,VIIRS_SNPP_SP
27.94433,77.50648,333.25,0.41,0.37,2023-10-16,749,N,VIIRS,n,2,300.61,4.67,D,0,2023-10-16,5,VIIRS_SNPP_SP
28.88884,76.2501,332.48,0.44,0.38,2023-10-16,749,N,VIIRS,n,2,295.53,3.47,D,0,2023-10-16,5,VIIRS_SNPP_SP
30.53495,73.58518,329.94,0.54,0.42,2023-10-16,750,N,VIIRS,n,2,296.53,3.29,D,0,2023-10-16,5,VIIRS_SNPP_SP
30.62624,73.63516,332.98,0.53,0.42,2023-10-16,750,N,VIIRS,n,2,296.36,3.34,D,0,2023-10-16,5,VIIRS_SNPP_SP
30.62927,73.63661,341.18,0.54,0.42,2023-10-16,750,N,VIIRS,n,2,299.42,24.76,D,0,2023-10-16,5,VIIRS_SNPP_SP
30.63114,73.6397,332.92,0.53,0.42,2023-10-16,750,N,VIIRS,n,2,296.94,10.67,D,0,2023-10-16,5,VIIRS_SNPP_SP
28.77584,76.94875,311.39,0.39,0.44,2023-10-16,2014,N,VIIRS,n,2,287.32,1.49,N,0,2023-10-16,5,VIIRS_SNPP_SP
28.79563,77.06812,306.16,0.38,0.44,2023-10-16,2014,N,VIIRS,n,2,288.05,0.86,N,0,2023-10-16,5,VIIRS_SNPP_SP
29.1235,75.78035,298.12,0.46,0.47,2023-10-16,2014,N,VIIRS,n,2,286.88,0.76,N,2,2023-10-16,5,VIIRS_SNPP_SP
29.124,75.7756,303.37,0.46,0.47,2023-10-16,2014,N,VIIRS,n,2,286.83,0.76,N,2,2023-10-16,5,VIIRS_SNPP_SP
29.63235,75.24408,333.92,0.55,0.51,2023-10-17,731,N,VIIRS,n,2,294.28,5.38,D,0,2023-10-16,5,VIIRS_SNPP_SP
30.64342,73.58131,332.53,0.72,0.76,2023-10-17,912,N,VIIRS,n,2,287.16,6.23,D,0,2023-10-16,5,VIIRS_SNPP_SP
30.64726,73.57929,352.76,0.72,0.76,2023-10-17,912,N,VIIRS,n,2,288.34,10.49,D,0,2023-10-16,5,VIIRS_SNPP_SP
30.65054,73.58103,337.63,0.72,0.76,2023-10-17,912,N,VIIRS,n,2,285.54,7.1,D,0,2023-10-16,5,VIIRS_SNPP_SP
29.1677,76.99824,298.11,0.37,0.58,2023-10-17,1955,N,VIIRS,n,2,287.79,0.38,N,0,2023-10-16,5,VIIRS_SNPP_SP
30.51881,77.65862,297.18,0.35,0.57,2023-10-17,1955,N,VIIRS,n,2,286.73,0.3,N,0,2023-10-16,5,VIIRS_SNPP_SP
31.36566,76.35577,297.66,0.43,0.62,2023-10-17,1955,N,VIIRS,n,2,286.13,0.52,N,0,2023-10-16,5,VIIRS_SNPP_SP
31.36646,76.35526,303.98,0.43,0.62,2023-10-17,1955,N,VIIRS,n,2,286.29,0.67,N,0,2023-10-16,5,VIIRS_SNPP_SP
31.3683,76.35798,298.75,0.53,0.67,2023-10-17,2135,N,VIIRS,n,2,285.36,0.48,N,0,2023-10-16,5,VIIRS_SNPP_SP
28.74056,76.92848,296.25,0.66,0.73,2023-10-17,2136,N,VIIRS,n,2,285.95,0.79,N,0,2023-10-16,5,VIIRS_SNPP_SP
28.09776,77.57636,336.31,0.41,0.61,2023-10-18,712,N,VIIRS,n,2,297.53,2.38,D,0,2023-10-16,5,VIIRS_SNPP_SP
28.53791,77.89608,329.7,0.39,0.59,2023-10-18,712,N,VIIRS,n,2,295.99,2.02,D,0,2023-10-16,5,VIIRS_SNPP_SP
29.45143,75.41051,337.24,0.51,0.66,2023-10-18,712,N,VIIRS,n,2,296.33,3.81,D,0,2023-10-16,5,VIIRS_SNPP_SP
29.58609,76.0229,340.46,0.47,0.64,2023-10-18,712,N,VIIRS,n,2,297.04,3.29,D,0,2023-10-16,5,VIIRS_SNPP_SP
29.58847,76.02097,331.37,0.47,0.64,2023-10-18,712,N,VIIRS,n,2,296.1,2.55,D,0,2023-10-16,5,VIIRS_SNPP_SP
29.66333,74.37674,330.98,0.58,0.7,2023-10-18,712,N,VIIRS,n,2,294.15,3.73,D,0,2023-10-16,5,VIIRS_SNPP_SP
29.86949,76.17001,334.52,0.45,0.63,2023-10-18,712,N,VIIRS,n,2,298.13,2.93,D,0,2023-10-16,5,VIIRS_SNPP_SP
29.91241,76.12062,330.71,0.46,0.63,2023-10-18,712,N,VIIRS,n,2,297.27,2.87,D,0,2023-10-16,5,VIIRS_SNPP_SP
30.25832,76.73957,329.08,0.41,0.61,2023-10-18,712,N,VIIRS,n,2,297.77,2.27,D,0,2023-10-16,5,VIIRS_SNPP_SP
30.44257,76.89467,329.04,0.4,0.6,2023-10-18,712,N,VIIRS,n,2,298.29,1.38,D,0,2023-10-16,5,VIIRS_SNPP_SP
30.56277,76.91353,327.57,0.4,0.6,2023-10-18,712,N,VIIRS,n,2,297.71,2.16,D,0,2023-10-16,5,VIIRS_SNPP_SP
30.89825,77.09602,328.84,0.38,0.59,2023-10-18,712,N,VIIRS,n,2,293.89,2.11,D,0,2023-10-16,5,VIIRS_SNPP_SP
29.4229,75.70325,336.55,0.49,0.65,2023-10-18,852,N,VIIRS,n,2,296.14,2.01,D,0,2023-10-16,5,VIIRS_SNPP_SP
29.56196,75.25122,335.75,0.47,0.64,2023-10-18,852,N,VIIRS,n,2,295.31,3.12,D,0,2023-10-16,5,VIIRS_SNPP_SP
29.60406,75.25292,332.98,0.47,0.64,2023-10-18,852,N,VIIRS,n,2,296.85,2.66,D,0,2023-10-16,5,VIIRS_SNPP_SP
29.68128,75.90878,329.21,0.51,0.66,2023-10-18,852,N,VIIRS,n,2,297.02,2.12,D,0,2023-10-16,5,VIIRS_SNPP_SP
29.74369,75.62735,329.21,0.49,0.65,2023-10-18,852,N,VIIRS,n,2,294.41,2.67,D,0,2023-10-16,5,VIIRS_SNPP_SP
29.82299,75.71704,342.91,0.5,0.66,2023-10-18,853,N,VIIRS,n,2,294.9,3.66,D,0,2023-10-16,5,VIIRS_SNPP_SP
29.85165,75.25552,330.33,0.47,0.64,2023-10-18,853,N,VIIRS,n,2,295.42,2.09,D,0,2023-10-16,5,VIIRS_SNPP_SP
29.86467,76.23521,328.45,0.54,0.68,2023-10-18,853,N,VIIRS,n,2,295.72,1.7,D,0,2023-10-16,5,VIIRS_SNPP_SP
30.34782,76.06337,332.7,0.53,0.67,2023-10-18,853,N,VIIRS,n,2,296.83,4.6,D,0,2023-10-16,5,VIIRS_SNPP_SP
30.4801,73.75022,367.0,0.39,0.59,2023-10-18,853,N,VIIRS,h,2,296.33,8.3,D,0,2023-10-16,5,VIIRS_SNPP_SP
30.51215,73.81446,343.7,0.39,0.59,2023-10-18,853,N,VIIRS,n,2,294.46,3.02,D,0,2023-10-16,5,VIIRS_SNPP_SP
30.52493,73.59899,329.62,0.38,0.59,2023-10-18,853,N,VIIRS,n,2,296.92,2.16,D,0,2023-10-16,5,VIIRS_SNPP_SP
30.54918,73.78613,348.62,0.39,0.59,2023-10-18,853,N,VIIRS,n,2,295.68,5.76,D,0,2023-10-16,5,VIIRS_SNPP_SP
30.60863,73.53199,327.83,0.38,0.58,2023-10-18,853,N,VIIRS,n,2,294.65,1.24,D,0,2023-10-16,5,VIIRS_SNPP_SP
30.62413,73.51849,332.42,0.38,0.58,2023-10-18,853,N,VIIRS,n,2,294.91,2.81,D,0,2023-10-16,5,VIIRS_SNPP_SP
30.77204,74.05501,334.45,0.41,0.6,2023-10-18,853,N,VIIRS,n,2,296.4,3.32,D,0,2023-10-16,5,VIIRS_SNPP_SP
30.77233,74.05935,341.84,0.41,0.6,2023-10-18,853,N,VIIRS,n,2,297.02,3.32,D,0,2023-10-16,5,VIIRS_SNPP_SP
30.79506,74.4065,355.64,0.43,0.62,2023-10-18,853,N,VIIRS,n,2,297.54,8.82,D,0,2023-10-16,5,VIIRS_SNPP_SP
30.79816,75.0386,332.87,0.46,0.64,2023-10-18,853,N,VIIRS,n,2,295.6,3.84,D,0,2023-10-16,5,VIIRS_SNPP_SP
30.80095,75.0366,334.69,0.46,0.64,2023-10-18,853,N,VIIRS,n,2,295.36,2.99,D,0,2023-10-16,5,VIIRS_SNPP_SP
30.82909,74.14251,340.39,0.41,0.61,2023-10-18,853,N,VIIRS,n,2,295.86,3.83,D,0,2023-10-16,5,VIIRS_SNPP_SP
30.83123,74.14227,334.58,0.41,0.61,2023-10-18,853,N,VIIRS,n,2,294.6,4.18,D,0,2023-10-16,5,VIIRS_SNPP_SP
30.89663,74.27096,344.6,0.42,0.61,2023-10-18,853,N,VIIRS,n,2,296.03,3.42,D,0,2023-10-16,5,VIIRS_SNPP_SP
30.94069,74.15987,342.52,0.41,0.61,2023-10-18,853,N,VIIRS,n,2,296.63,6.93,D,0,2023-10-16,5,VIIRS_SNPP_SP
30.94099,74.16428,338.38,0.41,0.61,2023-10-18,853,N,VIIRS,n,2,295.61,9.25,D,0,2023-10-16,5,VIIRS_SNPP_SP
30.94322,74.16065,367.0,0.41,0.61,2023-10-18,853,N,VIIRS,h,2,298.32,7.92,D,0,2023-10-16,5,VIIRS_SNPP_SP
30.96096,74.54688,342.35,0.44,0.62,2023-10-18,853,N,VIIRS,n,2,295.83,4.12,D,0,2023-10-16,5,VIIRS_SNPP_SP
30.96109,74.54837,333.01,0.44,0.62,2023-10-18,853,N,VIIRS,n,2,295.79,3.93,D,0,2023-10-16,5,VIIRS_SNPP_SP
30.97851,74.54697,326.62,0.44,0.62,2023-10-18,853,N,VIIRS,n,2,294.72,8.88,D,0,2023-10-16,5,VIIRS_SNPP_SP
30.97869,74.55022,367.0,0.44,0.62,2023-10-18,853,N,VIIRS,h,2,298.34,14.78,D,0,2023-10-16,5,VIIRS_SNPP_SP
30.97879,74.55165,367.0,0.44,0.62,2023-10-18,853,N,VIIRS,h,2,298.67,8.88,D,0,2023-10-16,5,VIIRS_SNPP_SP
30.981,74.21561,326.56,0.42,0.61,2023-10-18,853,N,VIIRS,n,2,296.33,2.2,D,0,2023-10-16,5,VIIRS_SNPP_SP
30.98355,74.53574,345.37,0.43,0.62,2023-10-18,853,N,VIIRS,n,2,294.91,6.29,D,0,2023-10-16,5,VIIRS_SNPP_SP
30.98375,74.53715,367.0,0.44,0.62,2023-10-18,853,N,VIIRS,h,2,297.43,14.01,D,0,2023-10-16,5,VIIRS_SNPP_SP
30.98387,74.54041,350.07,0.44,0.62,2023-10-18,853,N,VIIRS,n,2,295.7,6.29,D,0,2023-10-16,5,VIIRS_SNPP_SP
31.1084,73.71546,326.79,0.39,0.59,2023-10-18,853,N,VIIRS,n,2,294.66,2.26,D,0,2023-10-16,5,VIIRS_SNPP_SP
31.11345,73.71558,335.0,0.39,0.59,2023-10-18,853,N,VIIRS,n,2,294.14,2.32,D,0,2023-10-16,5,VIIRS_SNPP_SP
31.2576,76.9267,295.02,0.62,0.54,2023-10-18,2116,N,VIIRS,n,2,284.01,1.03,N,2,2023-10-16,5,VIIRS_SNPP_SP
27.66873,76.13142,304.6,0.33,0.56,2023-10-18,2117,N,VIIRS,n,2,290.24,1.07,N,2,2023-10-16,5,VIIRS_SNPP_SP
28.46439,77.6685,300.43,0.39,0.6,2023-10-18,2117,N,VIIRS,n,2,288.33,0.68,N,0,2023-10-16,5,VIIRS_SNPP_SP
28.79292,77.14786,300.31,0.36,0.57,2023-10-18,2117,N,VIIRS,n,2,288.02,0.47,N,2,2023-10-16,5,VIIRS_SNPP_SP
29.79917,77.94576,300.66,0.38,0.59,2023-10-18,2117,N,VIIRS,n,2,288.65,0.45,N,0,2023-10-16,5,VIIRS_SNPP_SP
28.06567,77.60793,350.81,0.32,0.55,2023-10-19,833,N,VIIRS,n,2,299.67,3.29,D,0,2023-10-16,5,VIIRS_SNPP_SP
29.23975,75.46896,335.34,0.49,0.49,2023-10-19,833,N,VIIRS,n,2,303.26,4.06,D,0,2023-10-16,5,VIIRS_SNPP_SP
29.24296,76.12873,332.33,0.54,0.51,2023-10-19,833,N,VIIRS,n,2,296.91,3.09,D,0,2023-10-16,5,VIIRS_SNPP_SP
29.41456,75.6557,333.17,0.51,0.49,2023-10-19,833,N,VIIRS,n,2,302.83,1.93,D,0,2023-10-16,5,VIIRS_SNPP_SP
29.43046,76.01678,331.1,0.53,0.5,2023-10-19,833,N,VIIRS,n,2,300.84,2.95,D,0,2023-10-16,5,VIIRS_SNPP_SP
29.45056,75.93027,331.64,0.53,0.5,2023-10-19,833,N,VIIRS,n,2,300.02,2.12,D,0,2023-10-16,5,VIIRS_SNPP_SP
29.4536,75.93316,334.47,0.53,0.5,2023-10-19,834,N,VIIRS,n,2,298.87,3.76,D,0,2023-10-16,5,VIIRS_SNPP_SP
29.49955,76.02335,335.52,0.54,0.51,2023-10-19,834,N,VIIRS,n,2,299.75,8.57,D,0,2023-10-16,5,VIIRS_SNPP_SP
29.50184,75.69655,335.51,0.51,0.5,2023-10-19,834,N,VIIRS,n,2,298.92,2.6,D,0,2023-10-16,5,VIIRS_SNPP_SP
29.52196,76.00941,337.99,0.54,0.5,2023-10-19,834,N,VIIRS,n,2,298.57,4.62,D,0,2023-10-16,5,VIIRS_SNPP_SP
29.53868,75.50324,335.93,0.5,0.49,2023-10-19,834,N,VIIRS,n,2,298.35,7.2,D,0,2023-10-16,5,VIIRS_SNPP_SP
29.53917,75.50847,340.09,0.5,0.49,2023-10-19,834,N,VIIRS,n,2,297.69,9.32,D,0,2023-10-16,5,VIIRS_SNPP_SP
29.56211,76.03307,338.24,0.54,0.51,2023-10-19,834,N,VIIRS,n,2,298.85,2.56,D,0,2023-10-16,5,VIIRS_SNPP_SP
29.56775,75.99277,341.14,0.53,0.5,2023-10-19,834,N,VIIRS,n,2,299.82,5.63,D,0,2023-10-16,5,VIIRS_SNPP_SP
29.5693,75.99114,343.44,0.53,0.5,2023-10-19,834,N,VIIRS,n,2,299.79,8.0,D,0,2023-10-16,5,VIIRS_SNPP_SP
29.58397,75.26378,343.86,0.48,0.48,2023-10-19,834,N,VIIRS,n,2,299.04,6.7,D,0,2023-10-16,5,VIIRS_SNPP_SP
29.58722,76.08582,330.72,0.54,0.51,2023-10-19,834,N,VIIRS,n,2,298.35,3.7,D,0,2023-10-16,5,VIIRS_SNPP_SP
29.61313,76.21589,330.37,0.55,0.51,2023-10-19,834,N,VIIRS,n,2,298.97,4.49,D,0,2023-10-16,5,VIIRS_SNPP_SP
29.62605,76.53085,343.81,0.58,0.52,2023-10-19,834,N,VIIRS,n,2,300.15,11.35,D,0,2023-10-16,5,VIIRS_SNPP_SP
29.62812,76.53159,349.81,0.58,0.52,2023-10-19,834,N,VIIRS,n,2,300.1,9.25,D,0,2023-10-16,5,VIIRS_SNPP_SP
29.63138,75.2143,337.72,0.48,0.48,2023-10-19,834,N,VIIRS,n,2,298.91,5.81,D,0,2023-10-16,5,VIIRS_SNPP_SP
29.65812,75.30322,336.58,0.49,0.48,2023-10-19,834,N,VIIRS,n,2,299.46,2.57,D,0,2023-10-16,5,VIIRS_SNPP_SP
29.66584,75.88203,344.64,0.53,0.5,2023-10-19,834,N,VIIRS,n,2,298.85,6.69,D,0,2023-10-16,5,VIIRS_SNPP_SP
29.66794,75.88403,340.55,0.53,0.5,2023-10-19,834,N,VIIRS,n,2,299.84,8.25,D,0,2023-10-16,5,VIIRS_SNPP_SP
29.67309,75.27049,335.22,0.49,0.48,2023-10-19,834,N,VIIRS,n,2,298.32,2.31,D,0,2023-10-16,5,VIIRS_SNPP_SP
29.71064,75.31426,331.18,0.49,0.49,2023-10-19,834,N,VIIRS,n,2,297.82,2.46,D,0,2023-10-16,5,VIIRS_SNPP_SP
29.83545,75.66035,330.76,0.51,0.5,2023-10-19,834,N,VIIRS,n,2,297.23,2.54,D,0,2023-10-16,5,VIIRS_SNPP_SP
29.92348,76.12679,339.32,0.55,0.51,2023-10-19,834,N,VIIRS,n,2,298.12,5.48,D,0,2023-10-16,5,VIIRS_SNPP_SP
30.12052,75.59784,342.33,0.51,0.5,2023-10-19,834,N,VIIRS,n,2,298.51,10.74,D,0,2023-10-16,5,VIIRS_SNPP_SP
30.15802,76.64417,329.42,0.59,0.53,2023-10-19,834,N,VIIRS,n,2,298.57,3.52,D,0,2023-10-16,5,VIIRS_SNPP_SP
30.15898,76.63146,341.06,0.59,0.53,2023-10-19,834,N,VIIRS,n,2,299.77,5.49,D,0,2023-10-16,5,VIIRS_SNPP_SP
30.16181,76.63113,331.91,0.59,0.53,2023-10-19,834,N,VIIRS,n,2,297.6,3.99,D,0,2023-10-16,5,VIIRS_SNPP_SP
30.1669,76.3764,340.49,0.57,0.52,2023-10-19,834,N,VIIRS,n,2,297.52,5.99,D,0,2023-10-16,5,VIIRS_SNPP_SP
30.24795,75.4818,330.58,0.51,0.49,2023-10-19,834,N,VIIRS,n,2,295.92,4.47,D,0,2023-10-16,5,VIIRS_SNPP_SP
30.36272,73.6472,340.54,0.4,0.44,2023-10-19,834,N,VIIRS,n,2,296.7,4.75,D,0,2023-10-16,5,VIIRS_SNPP_SP
30.36543,73.51994,334.08,0.39,0.44,2023-10-19,834,N,VIIRS,n,2,297.28,3.06,D,0,2023-10-16,5,VIIRS_SNPP_SP
30.36904,73.51523,336.98,0.39,0.44,2023-10-19,834,N,VIIRS,n,2,297.43,4.8,D,0,2023-10-16,5,VIIRS_SNPP_SP
30.39686,76.53229,330.25,0.59,0.53,2023-10-19,834,N,VIIRS,n,2,298.02,2.67,D,0,2023-10-16,5,VIIRS_SNPP_SP
30.40076,73.62939,331.2,0.4,0.44,2023-10-19,834,N,VIIRS,n,2,296.51,1.7,D,0,2023-10-16,5,VIIRS_SNPP_SP
30.4069,73.56905,342.24,0.4,0.44,2023-10-19,834,N,VIIRS,n,2,297.75,7.47,D,0,2023-10-16,5,VIIRS_SNPP_SP
30.40946,73.76967,331.79,0.41,0.45,2023-10-19,834,N,VIIRS,n,2,297.83,2.81,D,0,2023-10-16,5,VIIRS_SNPP_SP
30.42259,73.63911,356.94,0.4,0.44,2023-10-19,834,N,VIIRS,n,2,300.64,12.11,D,0,2023-10-16,5,VIIRS_SNPP_SP
30.43811,73.62841,342.36,0.4,0.44,2023-10-19,834,N,VIIRS,n,2,299.67,5.53,D,0,2023-10-16,5,VIIRS_SNPP_SP
30.44221,73.62783,342.89,0.4,0.44,2023-10-19,834,N,VIIRS,n,2,298.44,6.42,D,0,2023-10-16,5,VIIRS_SNPP_SP
30.44266,73.63204,331.15,0.4,0.44,2023-10-19,834,N,VIIRS,n,2,296.78,6.42,D,0,2023-10-16,5,VIIRS_SNPP_SP
30.44273,76.0627,342.18,0.55,0.51,2023-10-19,834,N,VIIRS,n,2,305.04,36.28,D,0,2023-10-16,5,VIIRS_SNPP_SP
30.47165,76.82535,335.35,0.61,0.54,2023-10-19,834,N,VIIRS,n,2,299.46,5.73,D,0,2023-10-16,5,VIIRS_SNPP_SP
30.48954,73.56594,354.1,0.4,0.44,2023-10-19,834,N,VIIRS,n,2,302.7,19.81,D,0,2023-10-16,5,VIIRS_SNPP_SP
30.49382,73.79754,343.96,0.41,0.45,2023-10-19,834,N,VIIRS,n,2,300.96,18.27,D,0,2023-10-16,5,VIIRS_SNPP_SP
30.49841,73.76208,334.42,0.41,0.45,2023-10-19,834,N,VIIRS,n,2,297.39,5.77,D,0,2023-10-16,5,VIIRS_SNPP_SP
30.5057,73.71339,338.92,0.41,0.45,2023-10-19,834,N,VIIRS,n,2,298.09,2.5,D,0,2023-10-16,5,VIIRS_SNPP_SP
30.5079,73.65716,331.38,0.4,0.44,2023-10-19,834,N,VIIRS,n,2,297.84,2.05,D,0,2023-10-16,5,VIIRS_SNPP_SP
30.50808,73.71393,341.76,0.41,0.45,2023-10-19,834,N,VIIRS,n,2,294.11,3.4,D,0,2023-10-16,5,VIIRS_SNPP_SP
30.51063,73.65756,338.08,0.4,0.44,2023-10-19,834,N,VIIRS,n,2,297.96,4.37,D,0,2023-10-16,5,VIIRS_SNPP_SP
30.51914,73.69942,341.72,0.4,0.45,2023-10-19,834,N,VIIRS,n,2,297.57,10.24,D,0,2023-10-16,5,VIIRS_SNPP_SP
30.52648,73.81148,337.04,0.41,0.45,2023-10-19,834,N,VIIRS,n,2,297.92,2.66,D,0,2023-10-16,5,VIIRS_SNPP_SP
30.53826,73.56401,333.21,0.4,0.44,2023-10-19,834,N,VIIRS,n,2,298.09,3.22,D,0,2023-10-16,5,VIIRS_SNPP_SP
30.55598,73.81179,334.3,0.41,0.45,2023-10-19,834,N,VIIRS,n,2,297.85,2.65,D,0,2023-10-16,5,VIIRS_SNPP_SP
30.58648,73.70302,335.62,0.41,0.45,2023-10-19,834,N,VIIRS,n,2,298.55,4.56,D,0,2023-10-16,5,VIIRS_SNPP_SP
30.59105,73.78506,350.4,0.41,0.45,2023-10-19,834,N,VIIRS,n,2,300.33,6.88,D,0,2023-10-16,5,VIIRS_SNPP_SP
30.59182,76.27922,330.74,0.57,0.52,2023-10-19,834,N,VIIRS,n,2,297.72,4.04,D,0,2023-10-16,5,VIIRS_SNPP_SP
30.60993,73.76497,341.85,0.41,0.45,2023-10-19,834,N,VIIRS,n,2,299.34,3.76,D,0,2023-10-16,5,VIIRS_SNPP_SP
30.61697,73.53613,346.16,0.4,0.44,2023-10-19,834,N,VIIRS,n,2,298.48,5.46,D,0,2023-10-16,5,VIIRS_SNPP_SP
30.62824,73.56433,342.12,0.4,0.44,2023-10-19,834,N,VIIRS,n,2,299.02,2.29,D,0,2023-10-16,5,VIIRS_SNPP_SP
30.64276,73.58364,335.57,0.4,0.44,2023-10-19,834,N,VIIRS,n,2,298.88,2.83,D,0,2023-10-16,5,VIIRS_SNPP_SP
30.67411,73.92451,344.04,0.42,0.45,2023-10-19,834,N,VIIRS,n,2,298.58,6.34,D,0,2023-10-16,5,VIIRS_SNPP_SP
30.67736,73.63456,341.39,0.4,0.44,2023-10-19,834,N,VIIRS,n,2,300.12,2.94,D,0,2023-10-16,5,VIIRS_SNPP_SP
30.7108,73.99134,333.64,0.42,0.45,2023-10-19,834,N,VIIRS,n,2,298.17,2.97,D,0,2023-10-16,5,VIIRS_SNPP_SP
30.72479,73.88188,332.49,0.42,0.45,2023-10-19,834,N,VIIRS,n,2,297.71,2.19,D,0,2023-10-16,5,VIIRS_SNPP_SP
30.73161,75.31942,342.33,0.5,0.49,2023-10-19,834,N,VIIRS,n,2,297.58,6.64,D,0,2023-10-16,5,VIIRS_SNPP_SP
30.7317,73.61054,334.58,0.4,0.44,2023-10-19,834,N,VIIRS,n,2,299.44,2.59,D,0,2023-10-16,5,VIIRS_SNPP_SP
30.73694,73.95626,332.03,0.42,0.45,2023-10-19,834,N,VIIRS,n,2,297.23,3.13,D,0,2023-10-16,5,VIIRS_SNPP_SP
30.76928,74.06176,343.65,0.43,0.46,2023-10-19,834,N,VIIRS,n,2,300.11,6.29,D,0,2023-10-16,5,VIIRS_SNPP_SP
30.77018,74.07077,332.38,0.43,0.46,2023-10-19,834,N,VIIRS,n,2,299.26,3.37,D,0,2023-10-16,5,VIIRS_SNPP_SP
30.79871,74.55109,340.81,0.45,0.47,2023-10-19,834,N,VIIRS,n,2,299.18,6.08,D,0,2023-10-16,5,VIIRS_SNPP_SP
30.80041,73.98936,341.16,0.42,0.45,2023-10-19,834,N,VIIRS,n,2,301.11,11.52,D,0,2023-10-16,5,VIIRS_SNPP_SP
30.83267,73.93084,348.7,0.42,0.45,2023-10-19,834,N,VIIRS,n,2,300.11,7.81,D,0,2023-10-16,5,VIIRS_SNPP_SP
30.83545,74.12165,341.56,0.43,0.46,2023-10-19,834,N,VIIRS,n,2,301.85,5.64,D,0,2023-10-16,5,VIIRS_SNPP_SP
30.83592,74.12619,331.49,0.43,0.46,2023-10-19,834,N,VIIRS,n,2,299.22,4.88,D,0,2023-10-16,5,VIIRS_SNPP_SP
30.85541,73.90267,340.15,0.42,0.45,2023-10-19,834,N,VIIRS,n,2,298.4,2.87,D,0,2023-10-16,5,VIIRS_SNPP_SP
30.85547,73.9053,340.35,0.42,0.45,2023-10-19,834,N,VIIRS,n,2,298.05,3.67,D,0,2023-10-16,5,VIIRS_SNPP_SP
30.85761,74.1279,331.64,0.43,0.46,2023-10-19,834,N,VIIRS,n,2,298.59,1.79,D,0,2023-10-16,5,VIIRS_SNPP_SP
30.87146,74.38902,338.86,0.45,0.47,2023-10-19,834,N,VIIRS,n,2,299.68,5.3,D,0,2023-10-16,5,VIIRS_SNPP_SP
30.8742,76.24971,331.28,0.57,0.52,2023-10-19,834,N,VIIRS,n,2,298.79,3.79,D,0,2023-10-16,5,VIIRS_SNPP_SP
30.89843,74.74768,352.17,0.47,0.48,2023-10-19,834,N,VIIRS,n,2,300.44,12.55,D,0,2023-10-16,5,VIIRS_SNPP_SP
30.92961,74.52399,328.88,0.46,0.47,2023-10-19,834,N,VIIRS,n,2,298.11,2.25,D,0,2023-10-16,5,VIIRS_SNPP_SP
30.94013,74.10509,335.29,0.43,0.46,2023-10-19,834,N,VIIRS,n,2,298.46,2.0,D,0,2023-10-16,5,VIIRS_SNPP_SP
30.9432,74.30581,339.92,0.44,0.46,2023-10-19,834,N,VIIRS,n,2,299.7,3.26,D,0,2023-10-16,5,VIIRS_SNPP_SP
30.95138,74.79939,351.66,0.47,0.48,2023-10-19,834,N,VIIRS,n,2,300.4,12.95,D,0,2023-10-16,5,VIIRS_SNPP_SP
30.96681,74.5436,347.99,0.46,0.47,2023-10-19,834,N,VIIRS,n,2,300.56,10.12,D,0,2023-10-16,5,VIIRS_SNPP_SP
30.97134,74.19849,330.61,0.44,0.46,2023-10-19,834,N,VIIRS,n,2,299.94,2.54,D,0,2023-10-16,5,VIIRS_SNPP_SP
30.98318,76.24578,340.29,0.57,0.52,2023-10-19,834,N,VIIRS,n,2,299.75,9.98,D,0,2023-10-16,5,VIIRS_SNPP_SP
30.98882,74.76936,332.12,0.47,0.48,2023-10-19,834,N,VIIRS,n,2,298.27,2.2,D,0,2023-10-16,5,VIIRS_SNPP_SP
30.99131,74.74889,335.56,0.47,0.48,2023-10-19,834,N,VIIRS,n,2,297.48,2.64,D,0,2023-10-16,5,VIIRS_SNPP_SP
30.99324,74.76879,331.94,0.47,0.48,2023-10-19,834,N,VIIRS,n,2,297.74,2.8,D,0,2023-10-16,5,VIIRS_SNPP_SP
31.00622,75.29515,333.49,0.51,0.49,2023-10-19,834,N,VIIRS,n,2,296.66,4.41,D,0,2023-10-16,5,VIIRS_SNPP_SP
31.01187,74.01391,338.66,0.43,0.46,2023-10-19,834,N,VIIRS,n,2,299.56,2.43,D,0,2023-10-16,5,VIIRS_SNPP_SP
31.02719,74.12259,339.29,0.43,0.46,2023-10-19,834,N,VIIRS,n,2,300.96,6.38,D,0,2023-10-16,5,VIIRS_SNPP_SP
31.02765,74.12717,340.22,0.43,0.46,2023-10-19,834,N,VIIRS,n,2,299.49,6.38,D,0,2023-10-16,5,VIIRS_SNPP_SP
31.08777,74.83023,339.37,0.48,0.48,2023-10-19,834,N,VIIRS,n,2,298.02,4.27,D,0,2023-10-16,5,VIIRS_SNPP_SP
31.08825,74.83526,335.65,0.48,0.48,2023-10-19,834,N,VIIRS,n,2,297.1,5.79,D,0,2023-10-16,5,VIIRS_SNPP_SP
31.10722,74.57158,332.22,0.46,0.47,2023-10-19,834,N,VIIRS,n,2,298.92,1.98,D,0,2023-10-16,5,VIIRS_SNPP_SP
31.11547,74.2906,337.11,0.44,0.46,2023-10-19,834,N,VIIRS,n,2,298.69,3.36,D,0,2023-10-16,5,VIIRS_SNPP_SP
31.14342,74.62799,338.12,0.46,0.47,2023-10-19,834,N,VIIRS,n,2,298.63,4.94,D,0,2023-10-16,5,VIIRS_SNPP_SP
31.14379,74.62635,333.09,0.46,0.47,2023-10-19,834,N,VIIRS,n,2,298.16,4.96,D,0,2023-10-16,5,VIIRS_SNPP_SP
31.24681,74.54723,340.38,0.46,0.47,2023-10-19,834,N,VIIRS,n,2,299.5,4.48,D,0,2023-10-16,5,VIIRS_SNPP_SP
31.43798,74.8294,330.85,0.48,0.48,2023-10-19,834,N,VIIRS,n,2,297.08,5.69,D,0,2023-10-16,5,VIIRS_SNPP_SP
31.5526,75.05994,345.61,0.5,0.49,2023-10-19,834,N,VIIRS,n,2,298.43,7.06,D,0,2023-10-16,5,VIIRS_SNPP_SP
31.61341,74.58164,331.67,0.47,0.48,2023-10-19,834,N,VIIRS,n,2,297.66,2.26,D,0,2023-10-16,5,VIIRS_SNPP_SP
31.65625,75.18501,339.36,0.51,0.49,2023-10-19,834,N,VIIRS,n,2,298.32,4.84,D,0,2023-10-16,5,VIIRS_SNPP_SP
31.78987,74.93425,335.49,0.49,0.49,2023-10-19,834,N,VIIRS,n,2,298.14,3.0,D,0,2023-10-16,5,VIIRS_SNPP_SP
32.00689,73.56376,331.05,0.41,0.45,2023-10-19,834,N,VIIRS,n,2,298.34,3.73,D,0,2023-10-16,5,VIIRS_SNPP_SP
32.00734,73.56819,330.91,0.41,0.45,2023-10-19,834,N,VIIRS,n,2,297.19,3.73,D,0,2023-10-16,5,VIIRS_SNPP_SP
32.32859,73.71508,330.23,0.43,0.46,2023-10-19,834,N,VIIRS,n,2,298.1,2.08,D,0,2023-10-16,5,VIIRS_SNPP_SP
32.33838,73.72765,342.19,0.43,0.46,2023-10-19,834,N,VIIRS,n,2,298.17,4.31,D,0,2023-10-16,5,VIIRS_SNPP_SP
32.41012,73.5116,333.15,0.42,0.45,2023-10-19,834,N,VIIRS,n,2,297.99,3.25,D,0,2023-10-16,5,VIIRS_SNPP_SP
32.41122,73.5127,337.19,0.42,0.45,2023-10-19,834,N,VIIRS,n,2,298.01,2.89,D,0,2023-10-16,5,VIIRS_SNPP_SP
31.2504,76.92884,300.68,0.51,0.41,2023-10-19,2057,N,VIIRS,n,2,285.39,0.75,N,2,2023-10-16,5,VIIRS_SNPP_SP
31.25107,76.92761,299.92,0.51,0.41,2023-10-19,2057,N,VIIRS,n,2,285.45,0.6,N,2,2023-10-16,5,VIIRS_SNPP_SP
31.25887,76.9258,296.25,0.51,0.41,2023-10-19,2057,N,VIIRS,n,2,285.87,0.48,N,2,2023-10-16,5,VIIRS_SNPP_SP
31.2595,76.92464,296.49,0.51,0.41,2023-10-19,2057,N,VIIRS,n,2,286.24,0.87,N,2,2023-10-16,5,VIIRS_SNPP_SP
31.32787,76.89446,296.98,0.51,0.41,2023-10-19,2057,N,VIIRS,n,2,286.68,0.7,N,2,2023-10-16,5,VIIRS_SNPP_SP
31.62627,74.44153,303.1,0.41,0.37,2023-10-19,2057,N,VIIRS,n,2,289.21,0.48,N,0,2023-10-16,5,VIIRS_SNPP_SP
27.66798,76.13264,305.42,0.54,0.42,2023-10-19,2058,N,VIIRS,n,2,291.33,1.55,N,2,2023-10-16,5,VIIRS_SNPP_SP
29.1241,75.77834,309.14,0.49,0.4,2023-10-19,2058,N,VIIRS,n,2,290.51,1.2,N,2,2023-10-16,5,VIIRS_SNPP_SP
29.96135,76.68715,302.71,0.52,0.42,2023-10-19,2058,N,VIIRS,n,2,288.02,1.1,N,0,2023-10-16,5,VIIRS_SNPP_SP
29.96514,76.68813,312.97,0.52,0.42,2023-10-19,2058,N,VIIRS,n,2,288.37,1.45,N,0,2023-10-16,5,VIIRS_SNPP_SP
31.13031,74.36425,301.21,0.41,0.37,2023-10-19,2058,N,VIIRS,n,2,288.19,0.45,N,0,2023-10-16,5,VIIRS_SNPP_SP
27.54638,77.46174,334.02,0.5,0.41,2023-10-20,814,N,VIIRS,n,2,306.31,3.67,D,0,2023-10-16,5,VIIRS_SNPP_SP
27.64275,77.46523,335.36,0.5,0.41,2023-10-20,814,N,VIIRS,n,2,302.09,4.84,D,0,2023-10-16,5,VIIRS_SNPP_SP
27.65088,77.46918,334.29,0.5,0.41,2023-10-20,814,N,VIIRS,n,2,302.08,3.32,D,0,2023-10-16,5,VIIRS_SNPP_SP
27.73235,77.47999,333.92,0.5,0.41,2023-10-20,814,N,VIIRS,n,2,301.6,3.1,D,0,2023-10-16,5,VIIRS_SNPP_SP
27.73311,77.48275,340.69,0.5,0.41,2023-10-20,814,N,VIIRS,n,2,301.9,4.17,D,0,2023-10-16,5,VIIRS_SNPP_SP
27.80212,78.35578,334.38,0.56,0.43,2023-10-20,814,N,VIIRS,n,2,303.58,2.05,D,0,2023-10-16,5,VIIRS_SNPP_SP
27.94751,77.42106,333.08,0.5,0.41,2023-10-20,814,N,VIIRS,n,2,301.11,3.25,D,0,2023-10-16,5,VIIRS_SNPP_SP
27.9476,77.41877,331.61,0.5,0.41,2023-10-20,814,N,VIIRS,l,2,302.94,2.68,D,0,2023-10-16,5,VIIRS_SNPP_SP
27.98527,77.38405,330.72,0.5,0.41,2023-10-20,814,N,VIIRS,l,2,304.47,1.4,D,0,2023-10-16,5,VIIRS_SNPP_SP
27.98734,77.77467,338.87,0.52,0.42,2023-10-20,814,N,VIIRS,n,2,303.95,2.86,D,0,2023-10-16,5,VIIRS_SNPP_SP
27.98902,77.77709,335.83,0.52,0.42,2023-10-20,814,N,VIIRS,n,2,305.57,8.61,D,0,2023-10-16,5,VIIRS_SNPP_SP
27.99118,77.77411,338.08,0.52,0.42,2023-10-20,814,N,VIIRS,n,2,304.59,3.38,D,0,2023-10-16,5,VIIRS_SNPP_SP
28.1082,77.35321,333.12,0.5,0.41,2023-10-20,814,N,VIIRS,n,2,302.39,5.29,D,0,2023-10-16,5,VIIRS_SNPP_SP
28.10882,77.35833,334.73,0.5,0.41,2023-10-20,814,N,VIIRS,n,2,302.38,5.29,D,0,2023-10-16,5,VIIRS_SNPP_SP
28.54832,76.57137,337.15,0.47,0.39,2023-10-20,814,N,VIIRS,n,2,308.67,3.0,D,0,2023-10-16,5,VIIRS_SNPP_SP
28.63163,78.55825,336.09,0.39,0.44,2023-10-20,814,N,VIIRS,n,2,306.05,2.35,D,0,2023-10-16,5,VIIRS_SNPP_SP
28.81868,77.24218,331.09,0.5,0.41,2023-10-20,814,N,VIIRS,n,2,303.16,2.12,D,0,2023-10-16,5,VIIRS_SNPP_SP
28.96395,76.98058,330.34,0.49,0.4,2023-10-20,814,N,VIIRS,n,2,302.01,1.4,D,0,2023-10-16,5,VIIRS_SNPP_SP
29.06393,76.07982,335.17,0.45,0.39,2023-10-20,815,N,VIIRS,n,2,304.13,4.8,D,0,2023-10-16,5,VIIRS_SNPP_SP
29.16234,76.74979,338.83,0.48,0.4,2023-10-20,815,N,VIIRS,n,2,306.37,3.84,D,0,2023-10-16,5,VIIRS_SNPP_SP
29.21367,76.02515,333.41,0.45,0.39,2023-10-20,815,N,VIIRS,n,2,302.19,2.75,D,0,2023-10-16,5,VIIRS_SNPP_SP
29.28653,76.42788,332.63,0.47,0.4,2023-10-20,815,N,VIIRS,n,2,300.61,7.37,D,0,2023-10-16,5,VIIRS_SNPP_SP
29.34942,76.90718,333.21,0.49,0.4,2023-10-20,815,N,VIIRS,n,2,301.91,4.28,D,0,2023-10-16,5,VIIRS_SNPP_SP
29.41632,76.27923,339.47,0.46,0.39,2023-10-20,815,N,VIIRS,n,2,304.48,4.49,D,0,2023-10-16,5,VIIRS_SNPP_SP
29.43031,76.2429,334.57,0.46,0.39,2023-10-20,815,N,VIIRS,n,2,302.6,2.22,D,0,2023-10-16,5,VIIRS_SNPP_SP
29.43816,76.42581,332.47,0.47,0.4,2023-10-20,815,N,VIIRS,n,2,301.5,4.39,D,0,2023-10-16,5,VIIRS_SNPP_SP
29.43818,76.42786,337.33,0.47,0.4,2023-10-20,815,N,VIIRS,n,2,301.83,2.98,D,0,2023-10-16,5,VIIRS_SNPP_SP
29.45061,74.43296,333.16,0.4,0.37,2023-10-20,815,N,VIIRS,n,2,300.88,2.25,D,0,2023-10-16,5,VIIRS_SNPP_SP
29.45357,74.90952,332.68,0.41,0.37,2023-10-20,815,N,VIIRS,n,2,299.32,1.88,D,0,2023-10-16,5,VIIRS_SNPP_SP
29.46346,75.84155,334.79,0.44,0.39,2023-10-20,815,N,VIIRS,l,2,306.22,2.83,D,0,2023-10-16,5,VIIRS_SNPP_SP
29.46506,76.58815,335.05,0.48,0.4,2023-10-20,815,N,VIIRS,n,2,303.09,4.36,D,0,2023-10-16,5,VIIRS_SNPP_SP
29.46567,75.84244,341.82,0.44,0.39,2023-10-20,815,N,VIIRS,n,2,303.56,3.77,D,0,2023-10-16,5,VIIRS_SNPP_SP
29.48205,75.98471,331.91,0.45,0.39,2023-10-20,815,N,VIIRS,n,2,304.01,2.41,D,0,2023-10-16,5,VIIRS_SNPP_SP
29.48322,75.96554,340.79,0.45,0.39,2023-10-20,815,N,VIIRS,n,2,304.21,4.18,D,0,2023-10-16,5,VIIRS_SNPP_SP
29.48363,75.98582,330.28,0.45,0.39,2023-10-20,815,N,VIIRS,n,2,304.26,1.6,D,0,2023-10-16,5,VIIRS_SNPP_SP
29.4843,75.96196,333.71,0.45,0.39,2023-10-20,815,N,VIIRS,n,2,303.25,2.38,D,0,2023-10-16,5,VIIRS_SNPP_SP
29.49106,76.02605,344.71,0.45,0.39,2023-10-20,815,N,VIIRS,n,2,309.29,17.33,D,0,2023-10-16,5,VIIRS_SNPP_SP
29.50235,75.87392,334.72,0.45,0.39,2023-10-20,815,N,VIIRS,n,2,303.15,3.01,D,0,2023-10-16,5,VIIRS_SNPP_SP
29.50323,76.20676,334.3,0.46,0.39,2023-10-20,815,N,VIIRS,n,2,302.21,1.41,D,0,2023-10-16,5,VIIRS_SNPP_SP
29.5099,75.96246,336.2,0.45,0.39,2023-10-20,815,N,VIIRS,n,2,305.27,2.71,D,0,2023-10-16,5,VIIRS_SNPP_SP
29.51636,76.01373,337.22,0.45,0.39,2023-10-20,815,N,VIIRS,n,2,305.81,5.66,D,0,2023-10-16,5,VIIRS_SNPP_SP
29.52764,76.0453,344.43,0.45,0.39,2023-10-20,815,N,VIIRS,n,2,304.95,6.89,D,0,2023-10-16,5,VIIRS_SNPP_SP
29.53499,75.76067,333.63,0.44,0.39,2023-10-20,815,N,VIIRS,n,2,302.41,3.0,D,0,2023-10-16,5,VIIRS_SNPP_SP
29.54229,76.57585,345.6,0.48,0.4,2023-10-20,815,N,VIIRS,n,2,305.05,6.12,D,0,2023-10-16,5,VIIRS_SNPP_SP
29.54576,74.44246,340.61,0.4,0.37,2023-10-20,815,N,VIIRS,n,2,303.05,3.93,D,0,2023-10-16,5,VIIRS_SNPP_SP
29.54903,76.56975,343.69,0.48,0.4,2023-10-20,815,N,VIIRS,n,2,306.09,10.44,D,0,2023-10-16,5,VIIRS_SNPP_SP
29.54957,75.62514,335.78,0.44,0.38,2023-10-20,815,N,VIIRS,n,2,303.37,6.5,D,0,2023-10-16,5,VIIRS_SNPP_SP
29.55019,75.62822,335.34,0.44,0.38,2023-10-20,815,N,VIIRS,n,2,302.27,5.21,D,0,2023-10-16,5,VIIRS_SNPP_SP
29.58094,75.8154,330.33,0.44,0.39,2023-10-20,815,N,VIIRS,l,2,302.92,3.09,D,0,2023-10-16,5,VIIRS_SNPP_SP
29.58875,75.76256,334.87,0.44,0.39,2023-10-20,815,N,VIIRS,l,2,304.88,3.32,D,0,2023-10-16,5,VIIRS_SNPP_SP
29.5904,75.99199,341.42,0.45,0.39,2023-10-20,815,N,VIIRS,n,2,306.15,8.4,D,0,2023-10-16,5,VIIRS_SNPP_SP
29.59172,75.98872,347.08,0.45,0.39,2023-10-20,815,N,VIIRS,n,2,309.03,17.65,D,0,2023-10-16,5,VIIRS_SNPP_SP
29.59398,75.99139,339.96,0.45,0.39,2023-10-20,815,N,VIIRS,n,2,306.43,8.72,D,0,2023-10-16,5,VIIRS_SNPP_SP
29.64144,75.20206,334.54,0.42,0.38,2023-10-20,815,N,VIIRS,n,2,301.75,2.45,D,0,2023-10-16,5,VIIRS_SNPP_SP
29.66336,76.00556,336.86,0.45,0.39,2023-10-20,815,N,VIIRS,n,2,301.28,3.24,D,0,2023-10-16,5,VIIRS_SNPP_SP
29.67219,75.30019,336.27,0.43,0.38,2023-10-20,815,N,VIIRS,n,2,307.79,11.56,D,0,2023-10-16,5,VIIRS_SNPP_SP
29.69685,76.00961,344.26,0.45,0.39,2023-10-20,815,N,VIIRS,n,2,303.82,6.33,D,0,2023-10-16,5,VIIRS_SNPP_SP
29.70217,73.8466,332.99,0.39,0.36,2023-10-20,815,N,VIIRS,l,2,303.26,1.56,D,0,2023-10-16,5,VIIRS_SNPP_SP
29.71129,75.12845,330.35,0.42,0.38,2023-10-20,815,N,VIIRS,l,2,303.57,2.41,D,0,2023-10-16,5,VIIRS_SNPP_SP
29.71476,75.12785,334.37,0.42,0.38,2023-10-20,815,N,VIIRS,n,2,303.32,2.41,D,0,2023-10-16,5,VIIRS_SNPP_SP
29.72048,75.19849,336.71,0.42,0.38,2023-10-20,815,N,VIIRS,n,2,302.22,7.54,D,0,2023-10-16,5,VIIRS_SNPP_SP
29.72741,75.22425,337.47,0.43,0.38,2023-10-20,815,N,VIIRS,n,2,303.14,6.25,D,0,2023-10-16,5,VIIRS_SNPP_SP
29.76397,76.53967,335.83,0.48,0.4,2023-10-20,815,N,VIIRS,n,2,303.05,2.65,D,0,2023-10-16,5,VIIRS_SNPP_SP
29.78972,76.01099,350.79,0.45,0.39,2023-10-20,815,N,VIIRS,n,2,307.65,8.76,D,0,2023-10-16,5,VIIRS_SNPP_SP
29.79331,76.01041,343.91,0.45,0.39,2023-10-20,815,N,VIIRS,n,2,302.27,8.76,D,0,2023-10-16,5,VIIRS_SNPP_SP
29.79532,75.28017,339.27,0.43,0.38,2023-10-20,815,N,VIIRS,n,2,303.13,7.53,D,0,2023-10-16,5,VIIRS_SNPP_SP
29.81217,75.27276,343.61,0.43,0.38,2023-10-20,815,N,VIIRS,n,2,302.72,8.91,D,0,2023-10-16,5,VIIRS_SNPP_SP
29.81654,75.08421,343.7,0.42,0.38,2023-10-20,815,N,VIIRS,n,2,304.66,8.94,D,0,2023-10-16,5,VIIRS_SNPP_SP
29.8234,76.54818,332.93,0.48,0.4,2023-10-20,815,N,VIIRS,l,2,303.67,3.26,D,0,2023-10-16,5,VIIRS_SNPP_SP
29.82924,75.07307,332.79,0.42,0.38,2023-10-20,815,N,VIIRS,n,2,302.84,4.92,D,0,2023-10-16,5,VIIRS_SNPP_SP
29.82982,75.07743,330.31,0.42,0.38,2023-10-20,815,N,VIIRS,n,2,303.43,5.19,D,0,2023-10-16,5,VIIRS_SNPP_SP
29.83688,75.96658,334.18,0.45,0.39,2023-10-20,815,N,VIIRS,n,2,298.82,26.78,D,0,2023-10-16,5,VIIRS_SNPP_SP
29.8455,76.42374,337.64,0.47,0.4,2023-10-20,815,N,VIIRS,n,2,303.07,3.98,D,0,2023-10-16,5,VIIRS_SNPP_SP
29.84551,76.51428,343.75,0.48,0.4,2023-10-20,815,N,VIIRS,n,2,307.04,12.39,D,0,2023-10-16,5,VIIRS_SNPP_SP
29.85236,75.11375,331.3,0.42,0.38,2023-10-20,815,N,VIIRS,n,2,298.54,1.25,D,0,2023-10-16,5,VIIRS_SNPP_SP
29.85472,76.55843,336.39,0.48,0.4,2023-10-20,815,N,VIIRS,n,2,305.43,6.32,D,0,2023-10-16,5,VIIRS_SNPP_SP
29.8787,76.06574,336.59,0.46,0.39,2023-10-20,815,N,VIIRS,n,2,302.26,3.5,D,0,2023-10-16,5,VIIRS_SNPP_SP
29.88518,77.1946,331.11,0.51,0.41,2023-10-20,815,N,VIIRS,n,2,300.17,3.09,D,0,2023-10-16,5,VIIRS_SNPP_SP
29.89311,76.1217,346.58,0.46,0.39,2023-10-20,815,N,VIIRS,n,2,300.54,7.67,D,0,2023-10-16,5,VIIRS_SNPP_SP
29.91167,76.39024,330.4,0.47,0.4,2023-10-20,815,N,VIIRS,l,2,302.76,2.69,D,0,2023-10-16,5,VIIRS_SNPP_SP
29.92352,75.68786,330.07,0.44,0.39,2023-10-20,815,N,VIIRS,n,2,301.81,2.69,D,0,2023-10-16,5,VIIRS_SNPP_SP
29.92674,76.03848,333.62,0.46,0.39,2023-10-20,815,N,VIIRS,n,2,303.29,4.02,D,0,2023-10-16,5,VIIRS_SNPP_SP
29.9276,76.03992,334.7,0.46,0.39,2023-10-20,815,N,VIIRS,n,2,302.74,8.5,D,0,2023-10-16,5,VIIRS_SNPP_SP
29.94421,76.11497,331.07,0.46,0.39,2023-10-20,815,N,VIIRS,n,2,301.41,4.59,D,0,2023-10-16,5,VIIRS_SNPP_SP
29.9448,76.11975,332.4,0.46,0.39,2023-10-20,815,N,VIIRS,n,2,302.21,8.03,D,0,2023-10-16,5,VIIRS_SNPP_SP
29.96298,76.68703,334.81,0.49,0.4,2023-10-20,815,N,VIIRS,n,2,301.46,3.53,D,0,2023-10-16,5,VIIRS_SNPP_SP
29.96838,76.07203,331.97,0.46,0.39,2023-10-20,815,N,VIIRS,l,2,302.01,4.84,D,0,2023-10-16,5,VIIRS_SNPP_SP
29.97388,75.76896,342.05,0.45,0.39,2023-10-20,815,N,VIIRS,n,2,300.69,5.79,D,0,2023-10-16,5,VIIRS_SNPP_SP
29.98165,76.54767,336.61,0.48,0.4,2023-10-20,815,N,VIIRS,n,2,302.86,3.15,D,0,2023-10-16,5,VIIRS_SNPP_SP
29.98698,76.1324,344.13,0.46,0.39,2023-10-20,815,N,VIIRS,n,2,304.59,13.11,D,0,2023-10-16,5,VIIRS_SNPP_SP
30.01277,75.92937,331.96,0.45,0.39,2023-10-20,815,N,VIIRS,n,2,299.62,2.41,D,0,2023-10-16,5,VIIRS_SNPP_SP
30.02602,77.05142,330.9,0.51,0.41,2023-10-20,815,N,VIIRS,n,2,301.38,1.93,D,0,2023-10-16,5,VIIRS_SNPP_SP
30.0303,76.89603,334.47,0.5,0.41,2023-10-20,815,N,VIIRS,n,2,303.34,4.43,D,0,2023-10-16,5,VIIRS_SNPP_SP
30.07016,75.79256,332.11,0.45,0.39,2023-10-20,815,N,VIIRS,n,2,302.12,2.65,D,0,2023-10-16,5,VIIRS_SNPP_SP
30.07323,76.40632,335.57,0.47,0.4,2023-10-20,815,N,VIIRS,n,2,304.15,2.57,D,0,2023-10-16,5,VIIRS_SNPP_SP
30.0757,76.40324,333.77,0.48,0.4,2023-10-20,815,N,VIIRS,l,2,304.19,4.02,D,0,2023-10-16,5,VIIRS_SNPP_SP
30.07691,76.40573,331.43,0.47,0.4,2023-10-20,815,N,VIIRS,n,2,302.43,1.98,D,0,2023-10-16,5,VIIRS_SNPP_SP
30.08757,76.76842,336.21,0.49,0.41,2023-10-20,815,N,VIIRS,n,2,300.16,4.16,D,0,2023-10-16,5,VIIRS_SNPP_SP
30.09943,76.44491,334.91,0.48,0.4,2023-10-20,815,N,VIIRS,n,2,302.21,4.49,D,0,2023-10-16,5,VIIRS_SNPP_SP
30.10881,75.78135,337.0,0.45,0.39,2023-10-20,815,N,VIIRS,n,2,301.88,4.45,D,0,2023-10-16,5,VIIRS_SNPP_SP
30.11001,75.7778,332.76,0.45,0.39,2023-10-20,815,N,VIIRS,n,2,302.23,3.61,D,0,2023-10-16,5,VIIRS_SNPP_SP
30.13621,75.75439,334.76,0.45,0.39,2023-10-20,815,N,VIIRS,n,2,303.93,4.81,D,0,2023-10-16,5,VIIRS_SNPP_SP
30.1403,76.82071,332.74,0.5,0.41,2023-10-20,815,N,VIIRS,n,2,302.73,1.77,D,0,2023-10-16,5,VIIRS_SNPP_SP
30.16385,76.24562,335.14,0.47,0.4,2023-10-20,815,N,VIIRS,n,2,304.28,3.51,D,0,2023-10-16,5,VIIRS_SNPP_SP
30.16425,76.24374,337.09,0.47,0.4,2023-10-20,815,N,VIIRS,n,2,303.41,4.11,D,0,2023-10-16,5,VIIRS_SNPP_SP
30.16867,76.25481,334.35,0.47,0.4,2023-10-20,815,N,VIIRS,l,2,304.79,5.93,D,0,2023-10-16,5,VIIRS_SNPP_SP
30.16974,76.25779,343.3,0.47,0.4,2023-10-20,815,N,VIIRS,n,2,304.26,5.94,D,0,2023-10-16,5,VIIRS_SNPP_SP
30.17791,76.44247,330.13,0.48,0.4,2023-10-20,815,N,VIIRS,n,2,302.57,3.23,D,0,2023-10-16,5,VIIRS_SNPP_SP
30.18296,75.58137,337.09,0.44,0.38,2023-10-20,815,N,VIIRS,n,2,302.27,4.84,D,0,2023-10-16,5,VIIRS_SNPP_SP
30.18327,76.25243,345.99,0.47,0.4,2023-10-20,815,N,VIIRS,n,2,305.15,10.33,D,0,2023-10-16,5,VIIRS_SNPP_SP
30.23037,77.09607,333.86,0.51,0.41,2023-10-20,815,N,VIIRS,n,2,300.09,3.96,D,0,2023-10-16,5,VIIRS_SNPP_SP
30.23059,75.97896,336.3,0.46,0.39,2023-10-20,815,N,VIIRS,n,2,302.18,10.6,D,0,2023-10-16,5,VIIRS_SNPP_SP
30.23556,76.22401,333.09,0.47,0.4,2023-10-20,815,N,VIIRS,n,2,300.92,6.57,D,0,2023-10-16,5,VIIRS_SNPP_SP
30.23978,76.13908,330.63,0.46,0.39,2023-10-20,815,N,VIIRS,l,2,304.14,6.66,D,0,2023-10-16,5,VIIRS_SNPP_SP
30.24009,76.56752,333.13,0.48,0.4,2023-10-20,815,N,VIIRS,n,2,301.08,3.12,D,0,2023-10-16,5,VIIRS_SNPP_SP
30.24086,76.4802,332.88,0.48,0.4,2023-10-20,815,N,VIIRS,n,2,302.42,1.89,D,0,2023-10-16,5,VIIRS_SNPP_SP
30.25315,76.80543,332.33,0.5,0.41,2023-10-20,815,N,VIIRS,n,2,302.91,2.26,D,0,2023-10-16,5,VIIRS_SNPP_SP
30.26036,76.89993,331.19,0.5,0.41,2023-10-20,815,N,VIIRS,l,2,304.43,4.45,D,0,2023-10-16,5,VIIRS_SNPP_SP
30.26355,76.0593,330.65,0.46,0.39,2023-10-20,815,N,VIIRS,n,2,303.49,2.74,D,0,2023-10-16,5,VIIRS_SNPP_SP
30.26924,77.26068,340.59,0.52,0.42,2023-10-20,815,N,VIIRS,n,2,303.36,4.58,D,0,2023-10-16,5,VIIRS_SNPP_SP
30.27077,76.27126,337.85,0.47,0.4,2023-10-20,815,N,VIIRS,n,2,302.77,3.96,D,0,2023-10-16,5,VIIRS_SNPP_SP
30.27087,76.2682,333.43,0.47,0.4,2023-10-20,815,N,VIIRS,n,2,303.46,4.03,D,0,2023-10-16,5,VIIRS_SNPP_SP
30.29131,76.04493,333.94,0.46,0.39,2023-10-20,815,N,VIIRS,n,2,300.63,3.66,D,0,2023-10-16,5,VIIRS_SNPP_SP
30.31356,76.13484,331.1,0.47,0.39,2023-10-20,815,N,VIIRS,n,2,299.43,3.19,D,0,2023-10-16,5,VIIRS_SNPP_SP
30.31747,76.99306,333.54,0.51,0.41,2023-10-20,815,N,VIIRS,n,2,302.53,1.62,D,0,2023-10-16,5,VIIRS_SNPP_SP
30.32922,76.29188,332.64,0.47,0.4,2023-10-20,815,N,VIIRS,n,2,301.06,2.12,D,0,2023-10-16,5,VIIRS_SNPP_SP
30.33288,76.29129,331.92,0.47,0.4,2023-10-20,815,N,VIIRS,n,2,300.15,3.23,D,0,2023-10-16,5,VIIRS_SNPP_SP
30.34794,73.55019,333.91,0.39,0.36,2023-10-20,815,N,VIIRS,n,2,301.2,2.52,D,0,2023-10-16,5,VIIRS_SNPP_SP
30.35155,76.95543,335.9,0.51,0.41,2023-10-20,815,N,VIIRS,n,2,303.38,3.01,D,0,2023-10-16,5,VIIRS_SNPP_SP
30.40963,73.71857,335.24,0.39,0.36,2023-10-20,815,N,VIIRS,n,2,300.75,1.92,D,0,2023-10-16,5,VIIRS_SNPP_SP
30.41052,73.58005,333.64,0.39,0.36,2023-10-20,815,N,VIIRS,n,2,301.65,1.61,D,0,2023-10-16,5,VIIRS_SNPP_SP
30.41311,73.74314,341.62,0.39,0.37,2023-10-20,815,N,VIIRS,n,2,302.6,6.48,D,0,2023-10-16,5,VIIRS_SNPP_SP
30.42013,77.32316,331.83,0.53,0.42,2023-10-20,815,N,VIIRS,n,2,301.02,2.6,D,0,2023-10-16,5,VIIRS_SNPP_SP
30.42612,76.1779,346.72,0.47,0.4,2023-10-20,815,N,VIIRS,n,2,302.55,10.17,D,0,2023-10-16,5,VIIRS_SNPP_SP
30.43423,73.62579,333.38,0.39,0.36,2023-10-20,815,N,VIIRS,n,2,301.45,3.46,D,0,2023-10-16,5,VIIRS_SNPP_SP
30.43699,73.62107,335.36,0.39,0.36,2023-10-20,815,N,VIIRS,n,2,301.67,2.55,D,0,2023-10-16,5,VIIRS_SNPP_SP
30.44209,73.63268,343.64,0.39,0.36,2023-10-20,815,N,VIIRS,n,2,302.3,5.62,D,0,2023-10-16,5,VIIRS_SNPP_SP
30.44457,73.67414,332.77,0.39,0.36,2023-10-20,815,N,VIIRS,n,2,300.92,2.72,D,0,2023-10-16,5,VIIRS_SNPP_SP
30.45289,73.75669,336.32,0.39,0.37,2023-10-20,815,N,VIIRS,n,2,301.67,2.82,D,0,2023-10-16,5,VIIRS_SNPP_SP
30.47883,73.5674,338.19,0.39,0.36,2023-10-20,815,N,VIIRS,n,2,300.42,3.68,D,0,2023-10-16,5,VIIRS_SNPP_SP
30.47971,73.74362,336.47,0.39,0.37,2023-10-20,815,N,VIIRS,n,2,304.28,2.62,D,0,2023-10-16,5,VIIRS_SNPP_SP
30.48905,76.47668,346.64,0.48,0.4,2023-10-20,815,N,VIIRS,n,2,302.23,8.7,D,0,2023-10-16,5,VIIRS_SNPP_SP
30.49597,73.54321,346.99,0.39,0.36,2023-10-20,815,N,VIIRS,n,2,303.9,5.53,D,0,2023-10-16,5,VIIRS_SNPP_SP
30.50426,73.62543,332.65,0.39,0.36,2023-10-20,815,N,VIIRS,n,2,301.23,2.85,D,0,2023-10-16,5,VIIRS_SNPP_SP
30.50577,76.61396,335.67,0.49,0.4,2023-10-20,815,N,VIIRS,n,2,303.24,3.41,D,0,2023-10-16,5,VIIRS_SNPP_SP
30.51764,73.62289,332.36,0.39,0.36,2023-10-20,815,N,VIIRS,l,2,304.88,4.31,D,0,2023-10-16,5,VIIRS_SNPP_SP
30.51822,73.62698,335.32,0.39,0.36,2023-10-20,815,N,VIIRS,n,2,302.51,4.31,D,0,2023-10-16,5,VIIRS_SNPP_SP
30.52319,73.83257,333.41,0.4,0.37,2023-10-20,815,N,VIIRS,n,2,302.73,3.81,D,0,2023-10-16,5,VIIRS_SNPP_SP
30.52972,73.68365,333.06,0.39,0.36,2023-10-20,815,N,VIIRS,n,2,300.62,2.65,D,0,2023-10-16,5,VIIRS_SNPP_SP
30.53095,73.81418,338.63,0.4,0.37,2023-10-20,815,N,VIIRS,n,2,300.99,4.12,D,0,2023-10-16,5,VIIRS_SNPP_SP
30.53146,73.69595,346.71,0.39,0.36,2023-10-20,815,N,VIIRS,n,2,304.48,10.53,D,0,2023-10-16,5,VIIRS_SNPP_SP
30.53248,73.67891,339.43,0.39,0.36,2023-10-20,815,N,VIIRS,n,2,300.37,6.43,D,0,2023-10-16,5,VIIRS_SNPP_SP
30.53315,76.48247,335.32,0.48,0.4,2023-10-20,815,N,VIIRS,n,2,302.45,4.74,D,0,2023-10-16,5,VIIRS_SNPP_SP
30.53605,73.82592,334.0,0.4,0.37,2023-10-20,815,N,VIIRS,n,2,303.79,20.85,D,0,2023-10-16,5,VIIRS_SNPP_SP
30.53637,76.74061,330.92,0.5,0.41,2023-10-20,815,N,VIIRS,n,2,301.57,1.93,D,0,2023-10-16,5,VIIRS_SNPP_SP
30.55039,73.68394,339.68,0.39,0.36,2023-10-20,815,N,VIIRS,n,2,304.74,2.82,D,0,2023-10-16,5,VIIRS_SNPP_SP
30.55214,73.7933,334.63,0.4,0.37,2023-10-20,815,N,VIIRS,n,2,303.08,3.29,D,0,2023-10-16,5,VIIRS_SNPP_SP
30.55739,73.95353,347.59,0.4,0.37,2023-10-20,815,N,VIIRS,n,2,303.23,4.86,D,0,2023-10-16,5,VIIRS_SNPP_SP
30.56076,73.9529,333.35,0.4,0.37,2023-10-20,815,N,VIIRS,n,2,299.77,4.86,D,0,2023-10-16,5,VIIRS_SNPP_SP
30.56534,76.37462,336.35,0.48,0.4,2023-10-20,815,N,VIIRS,n,2,300.66,4.59,D,0,2023-10-16,5,VIIRS_SNPP_SP
30.567,76.54436,340.7,0.49,0.4,2023-10-20,815,N,VIIRS,n,2,307.63,19.87,D,0,2023-10-16,5,VIIRS_SNPP_SP
30.57096,73.75595,340.48,0.4,0.37,2023-10-20,815,N,VIIRS,n,2,304.16,4.11,D,0,2023-10-16,5,VIIRS_SNPP_SP
30.57198,73.73888,336.14,0.39,0.37,2023-10-20,815,N,VIIRS,n,2,301.74,4.98,D,0,2023-10-16,5,VIIRS_SNPP_SP
30.57271,76.31232,329.41,0.48,0.4,2023-10-20,815,N,VIIRS,n,2,301.58,2.85,D,0,2023-10-16,5,VIIRS_SNPP_SP
30.57284,73.69655,336.11,0.39,0.36,2023-10-20,815,N,VIIRS,n,2,301.63,2.95,D,0,2023-10-16,5,VIIRS_SNPP_SP
30.57533,73.73824,344.96,0.39,0.37,2023-10-20,815,N,VIIRS,n,2,301.57,7.62,D,0,2023-10-16,5,VIIRS_SNPP_SP
30.58005,73.99195,343.82,0.4,0.37,2023-10-20,815,N,VIIRS,n,2,308.0,20.28,D,0,2023-10-16,5,VIIRS_SNPP_SP
30.58039,73.94498,339.86,0.4,0.37,2023-10-20,815,N,VIIRS,n,2,300.78,2.97,D,0,2023-10-16,5,VIIRS_SNPP_SP
30.58122,76.23006,332.62,0.47,0.4,2023-10-20,815,N,VIIRS,n,2,302.62,3.62,D,0,2023-10-16,5,VIIRS_SNPP_SP
30.58342,73.99133,339.54,0.4,0.37,2023-10-20,815,N,VIIRS,n,2,299.54,3.51,D,0,2023-10-16,5,VIIRS_SNPP_SP
30.58376,73.54385,335.7,0.39,0.36,2023-10-20,815,N,VIIRS,n,2,304.35,1.92,D,0,2023-10-16,5,VIIRS_SNPP_SP
30.58754,73.74087,350.75,0.4,0.37,2023-10-20,815,N,VIIRS,n,2,303.72,13.21,D,0,2023-10-16,5,VIIRS_SNPP_SP
30.58892,73.85839,333.64,0.4,0.37,2023-10-20,815,N,VIIRS,n,2,301.3,2.04,D,0,2023-10-16,5,VIIRS_SNPP_SP
30.5899,76.54591,329.33,0.49,0.4,2023-10-20,815,N,VIIRS,n,2,303.07,1.91,D,0,2023-10-16,5,VIIRS_SNPP_SP
30.59089,73.74023,345.57,0.4,0.37,2023-10-20,815,N,VIIRS,n,2,305.37,13.21,D,0,2023-10-16,5,VIIRS_SNPP_SP
30.60948,73.65237,338.13,0.39,0.36,2023-10-20,815,N,VIIRS,n,2,307.09,10.59,D,0,2023-10-16,5,VIIRS_SNPP_SP
30.61399,76.46436,335.04,0.48,0.4,2023-10-20,815,N,VIIRS,n,2,303.5,4.26,D,0,2023-10-16,5,VIIRS_SNPP_SP
30.61507,76.46124,332.48,0.48,0.4,2023-10-20,815,N,VIIRS,n,2,302.01,2.93,D,0,2023-10-16,5,VIIRS_SNPP_SP
30.61982,74.35516,345.13,0.41,0.37,2023-10-20,815,N,VIIRS,n,2,302.25,8.11,D,0,2023-10-16,5,VIIRS_SNPP_SP
30.62585,76.56101,338.52,0.49,0.4,2023-10-20,815,N,VIIRS,n,2,301.54,4.46,D,0,2023-10-16,5,VIIRS_SNPP_SP
30.62642,76.55801,332.68,0.49,0.4,2023-10-20,815,N,VIIRS,n,2,301.4,4.16,D,0,2023-10-16,5,VIIRS_SNPP_SP
30.63004,74.3533,333.23,0.41,0.37,2023-10-20,815,N,VIIRS,n,2,301.12,4.65,D,0,2023-10-16,5,VIIRS_SNPP_SP
30.63096,73.51388,330.5,0.39,0.36,2023-10-20,815,N,VIIRS,l,2,302.46,2.45,D,0,2023-10-16,5,VIIRS_SNPP_SP
30.65098,73.67822,338.79,0.39,0.37,2023-10-20,815,N,VIIRS,n,2,305.63,3.36,D,0,2023-10-16,5,VIIRS_SNPP_SP
30.65352,73.55151,346.03,0.39,0.36,2023-10-20,815,N,VIIRS,n,2,304.82,4.18,D,0,2023-10-16,5,VIIRS_SNPP_SP
30.6541,73.5556,342.2,0.39,0.36,2023-10-20,815,N,VIIRS,n,2,302.62,4.91,D,0,2023-10-16,5,VIIRS_SNPP_SP
30.65979,73.57132,335.75,0.39,0.36,2023-10-20,815,N,VIIRS,n,2,305.38,2.81,D,0,2023-10-16,5,VIIRS_SNPP_SP
30.66143,73.84979,340.98,0.4,0.37,2023-10-20,815,N,VIIRS,n,2,301.19,4.06,D,0,2023-10-16,5,VIIRS_SNPP_SP
30.66512,76.40683,345.74,0.48,0.4,2023-10-20,815,N,VIIRS,n,2,301.17,8.05,D,0,2023-10-16,5,VIIRS_SNPP_SP
30.66865,73.56123,333.9,0.39,0.36,2023-10-20,815,N,VIIRS,n,2,303.83,3.79,D,0,2023-10-16,5,VIIRS_SNPP_SP
30.66962,74.05741,339.1,0.4,0.37,2023-10-20,815,N,VIIRS,n,2,302.34,2.6,D,0,2023-10-16,5,VIIRS_SNPP_SP
30.67154,73.97144,332.98,0.4,0.37,2023-10-20,815,N,VIIRS,n,2,301.18,7.32,D,0,2023-10-16,5,VIIRS_SNPP_SP
30.6729,74.03107,347.05,0.4,0.37,2023-10-20,815,N,VIIRS,n,2,304.27,8.85,D,0,2023-10-16,5,VIIRS_SNPP_SP
30.67456,73.89412,333.66,0.4,0.37,2023-10-20,815,N,VIIRS,n,2,301.62,2.53,D,0,2023-10-16,5,VIIRS_SNPP_SP
30.67628,74.03046,347.87,0.4,0.37,2023-10-20,815,N,VIIRS,n,2,307.91,33.06,D,0,2023-10-16,5,VIIRS_SNPP_SP
30.67733,73.56419,336.64,0.39,0.36,2023-10-20,815,N,VIIRS,n,2,303.76,2.26,D,0,2023-10-16,5,VIIRS_SNPP_SP
30.68049,73.96124,335.74,0.4,0.37,2023-10-20,815,N,VIIRS,n,2,306.55,23.67,D,0,2023-10-16,5,VIIRS_SNPP_SP
30.68094,73.61398,353.54,0.39,0.36,2023-10-20,815,N,VIIRS,n,2,308.91,30.26,D,0,2023-10-16,5,VIIRS_SNPP_SP
30.68602,73.62565,337.98,0.39,0.36,2023-10-20,815,N,VIIRS,n,2,303.72,6.02,D,0,2023-10-16,5,VIIRS_SNPP_SP
30.68763,74.21349,344.67,0.4,0.37,2023-10-20,815,N,VIIRS,n,2,302.25,7.46,D,0,2023-10-16,5,VIIRS_SNPP_SP
30.68805,74.01542,332.47,0.4,0.37,2023-10-20,815,N,VIIRS,n,2,301.1,2.77,D,0,2023-10-16,5,VIIRS_SNPP_SP
30.69008,75.3962,336.47,0.44,0.38,2023-10-20,815,N,VIIRS,n,2,301.13,10.73,D,0,2023-10-16,5,VIIRS_SNPP_SP
30.69476,73.89034,341.56,0.4,0.37,2023-10-20,815,N,VIIRS,n,2,300.91,5.19,D,0,2023-10-16,5,VIIRS_SNPP_SP
30.69678,73.95393,331.97,0.4,0.37,2023-10-20,815,N,VIIRS,n,2,302.24,2.15,D,0,2023-10-16,5,VIIRS_SNPP_SP
30.69889,75.33051,342.24,0.44,0.38,2023-10-20,815,N,VIIRS,n,2,302.74,12.28,D,0,2023-10-16,5,VIIRS_SNPP_SP
30.70598,73.99497,332.43,0.4,0.37,2023-10-20,815,N,VIIRS,n,2,300.92,2.64,D,0,2023-10-16,5,VIIRS_SNPP_SP
30.71186,75.2631,333.01,0.43,0.38,2023-10-20,815,N,VIIRS,n,2,300.0,5.38,D,0,2023-10-16,5,VIIRS_SNPP_SP
30.71249,73.66702,340.62,0.39,0.37,2023-10-20,815,N,VIIRS,n,2,301.3,4.3,D,0,2023-10-16,5,VIIRS_SNPP_SP
30.71524,75.40261,338.76,0.44,0.38,2023-10-20,815,N,VIIRS,n,2,302.44,7.14,D,0,2023-10-16,5,VIIRS_SNPP_SP
30.71694,74.04864,336.76,0.4,0.37,2023-10-20,815,N,VIIRS,n,2,301.91,7.0,D,0,2023-10-16,5,VIIRS_SNPP_SP
30.73646,75.39898,331.96,0.44,0.38,2023-10-20,815,N,VIIRS,n,2,300.98,5.12,D,0,2023-10-16,5,VIIRS_SNPP_SP
30.74553,74.07832,330.79,0.4,0.37,2023-10-20,815,N,VIIRS,n,2,300.12,2.73,D,0,2023-10-16,5,VIIRS_SNPP_SP
30.74579,75.52966,331.06,0.44,0.39,2023-10-20,815,N,VIIRS,n,2,299.13,3.59,D,0,2023-10-16,5,VIIRS_SNPP_SP
30.74704,73.864,331.11,0.4,0.37,2023-10-20,815,N,VIIRS,n,2,299.44,1.47,D,0,2023-10-16,5,VIIRS_SNPP_SP
30.74837,74.66301,333.26,0.42,0.37,2023-10-20,815,N,VIIRS,n,2,303.06,3.71,D,0,2023-10-16,5,VIIRS_SNPP_SP
30.75082,73.96577,342.83,0.4,0.37,2023-10-20,815,N,VIIRS,n,2,301.68,3.82,D,0,2023-10-16,5,VIIRS_SNPP_SP
30.75181,74.6624,333.39,0.42,0.37,2023-10-20,815,N,VIIRS,n,2,299.11,3.71,D,0,2023-10-16,5,VIIRS_SNPP_SP
30.7593,73.97703,352.05,0.4,0.37,2023-10-20,815,N,VIIRS,n,2,306.19,10.07,D,0,2023-10-16,5,VIIRS_SNPP_SP
30.75986,74.66986,338.38,0.42,0.37,2023-10-20,815,N,VIIRS,n,2,299.95,4.47,D,0,2023-10-16,5,VIIRS_SNPP_SP
30.76188,74.07099,330.38,0.4,0.37,2023-10-20,815,N,VIIRS,n,2,298.27,3.29,D,0,2023-10-16,5,VIIRS_SNPP_SP
30.76235,74.90285,331.42,0.42,0.38,2023-10-20,815,N,VIIRS,n,2,298.49,2.81,D,0,2023-10-16,5,VIIRS_SNPP_SP
30.76245,74.07519,334.18,0.4,0.37,2023-10-20,815,N,VIIRS,n,2,300.13,3.29,D,0,2023-10-16,5,VIIRS_SNPP_SP
30.76267,73.9764,330.87,0.4,0.37,2023-10-20,815,N,VIIRS,l,2,301.39,3.29,D,0,2023-10-16,5,VIIRS_SNPP_SP
30.76897,74.63265,341.04,0.42,0.37,2023-10-20,815,N,VIIRS,n,2,301.34,8.67,D,0,2023-10-16,5,VIIRS_SNPP_SP
30.76979,73.928,336.22,0.4,0.37,2023-10-20,815,N,VIIRS,n,2,304.67,3.14,D,0,2023-10-16,5,VIIRS_SNPP_SP
30.77183,74.62769,332.61,0.42,0.37,2023-10-20,815,N,VIIRS,n,2,300.5,1.99,D,0,2023-10-16,5,VIIRS_SNPP_SP
30.78181,75.38651,343.94,0.44,0.38,2023-10-20,815,N,VIIRS,n,2,303.46,13.68,D,0,2023-10-16,5,VIIRS_SNPP_SP
30.78393,73.83153,339.61,0.4,0.37,2023-10-20,815,N,VIIRS,n,2,302.04,5.21,D,0,2023-10-16,5,VIIRS_SNPP_SP
30.7849,73.91237,336.04,0.4,0.37,2023-10-20,815,N,VIIRS,n,2,301.48,2.97,D,0,2023-10-16,5,VIIRS_SNPP_SP
30.78543,74.57204,333.23,0.41,0.37,2023-10-20,815,N,VIIRS,n,2,303.14,4.35,D,0,2023-10-16,5,VIIRS_SNPP_SP
30.78717,74.84878,331.74,0.42,0.38,2023-10-20,815,N,VIIRS,n,2,300.63,2.32,D,0,2023-10-16,5,VIIRS_SNPP_SP
30.78917,74.49625,345.22,0.41,0.37,2023-10-20,815,N,VIIRS,n,2,303.89,11.39,D,0,2023-10-16,5,VIIRS_SNPP_SP
30.79119,73.93256,331.07,0.4,0.37,2023-10-20,815,N,VIIRS,n,2,301.02,1.61,D,0,2023-10-16,5,VIIRS_SNPP_SP
30.79342,73.72784,354.68,0.4,0.37,2023-10-20,815,N,VIIRS,n,2,301.9,7.49,D,0,2023-10-16,5,VIIRS_SNPP_SP
30.79572,74.57019,339.36,0.41,0.37,2023-10-20,815,N,VIIRS,n,2,300.39,4.63,D,0,2023-10-16,5,VIIRS_SNPP_SP
30.79783,73.80766,339.21,0.4,0.37,2023-10-20,815,N,VIIRS,n,2,301.4,3.7,D,0,2023-10-16,5,VIIRS_SNPP_SP
30.80457,75.31394,336.42,0.44,0.38,2023-10-20,815,N,VIIRS,n,2,300.79,3.16,D,0,2023-10-16,5,VIIRS_SNPP_SP
30.80982,73.84371,340.71,0.4,0.37,2023-10-20,815,N,VIIRS,n,2,303.26,5.0,D,0,2023-10-16,5,VIIRS_SNPP_SP
30.81046,75.30357,330.36,0.44,0.38,2023-10-20,815,N,VIIRS,n,2,300.92,2.34,D,0,2023-10-16,5,VIIRS_SNPP_SP
30.81561,73.72858,332.54,0.4,0.37,2023-10-20,815,N,VIIRS,n,2,301.39,1.95,D,0,2023-10-16,5,VIIRS_SNPP_SP
30.82021,73.54176,336.23,0.39,0.36,2023-10-20,815,N,VIIRS,n,2,300.8,4.25,D,0,2023-10-16,5,VIIRS_SNPP_SP
30.83479,73.89099,336.88,0.4,0.37,2023-10-20,815,N,VIIRS,n,2,300.82,2.5,D,0,2023-10-16,5,VIIRS_SNPP_SP
30.84453,75.28837,332.25,0.44,0.38,2023-10-20,815,N,VIIRS,n,2,298.26,2.92,D,0,2023-10-16,5,VIIRS_SNPP_SP
30.87636,74.39763,347.3,0.41,0.37,2023-10-20,815,N,VIIRS,n,2,303.63,9.51,D,0,2023-10-16,5,VIIRS_SNPP_SP
30.87861,75.30119,339.19,0.44,0.38,2023-10-20,815,N,VIIRS,n,2,300.21,5.94,D,0,2023-10-16,5,VIIRS_SNPP_SP
30.8833,74.42274,332.58,0.41,0.37,2023-10-20,815,N,VIIRS,n,2,301.36,3.01,D,0,2023-10-16,5,VIIRS_SNPP_SP
30.89885,74.45956,338.36,0.41,0.37,2023-10-20,815,N,VIIRS,n,2,300.45,4.87,D,0,2023-10-16,5,VIIRS_SNPP_SP
30.92108,73.93906,332.67,0.4,0.37,2023-10-20,815,N,VIIRS,l,2,304.5,2.69,D,0,2023-10-16,5,VIIRS_SNPP_SP
30.92296,74.25439,339.92,0.41,0.37,2023-10-20,815,N,VIIRS,n,2,301.23,6.17,D,0,2023-10-16,5,VIIRS_SNPP_SP
30.92852,76.16799,329.23,0.47,0.4,2023-10-20,815,N,VIIRS,n,2,300.51,1.8,D,0,2023-10-16,5,VIIRS_SNPP_SP
30.929,74.7076,329.87,0.42,0.38,2023-10-20,815,N,VIIRS,n,2,298.62,2.58,D,0,2023-10-16,5,VIIRS_SNPP_SP
30.93849,74.31711,334.25,0.41,0.37,2023-10-20,815,N,VIIRS,n,2,301.83,2.79,D,0,2023-10-16,5,VIIRS_SNPP_SP
30.96625,74.29015,337.23,0.41,0.37,2023-10-20,815,N,VIIRS,n,2,304.59,8.64,D,0,2023-10-16,5,VIIRS_SNPP_SP
30.97248,74.28464,335.89,0.41,0.37,2023-10-20,815,N,VIIRS,n,2,301.65,2.73,D,0,2023-10-16,5,VIIRS_SNPP_SP
30.97399,74.12029,330.17,0.4,0.37,2023-10-20,815,N,VIIRS,n,2,301.22,1.67,D,0,2023-10-16,5,VIIRS_SNPP_SP
30.98315,74.16203,339.7,0.41,0.37,2023-10-20,815,N,VIIRS,n,2,304.2,4.43,D,0,2023-10-16,5,VIIRS_SNPP_SP
30.98956,74.23488,330.48,0.41,0.37,2023-10-20,815,N,VIIRS,l,2,301.39,2.44,D,0,2023-10-16,5,VIIRS_SNPP_SP
30.99317,74.33343,331.53,0.41,0.37,2023-10-20,815,N,VIIRS,l,2,301.6,1.9,D,0,2023-10-16,5,VIIRS_SNPP_SP
30.99576,76.25897,329.95,0.48,0.4,2023-10-20,815,N,VIIRS,n,2,301.37,3.0,D,0,2023-10-16,5,VIIRS_SNPP_SP
31.02104,74.3386,333.02,0.41,0.37,2023-10-20,815,N,VIIRS,n,2,302.07,3.15,D,0,2023-10-16,5,VIIRS_SNPP_SP
31.02382,74.12844,333.76,0.4,0.37,2023-10-20,815,N,VIIRS,n,2,300.9,2.57,D,0,2023-10-16,5,VIIRS_SNPP_SP
31.02721,74.12781,333.2,0.4,0.37,2023-10-20,815,N,VIIRS,n,2,300.56,3.54,D,0,2023-10-16,5,VIIRS_SNPP_SP
31.05252,75.20393,332.59,0.44,0.38,2023-10-20,815,N,VIIRS,n,2,301.31,2.85,D,0,2023-10-16,5,VIIRS_SNPP_SP
31.05585,74.36304,331.21,0.41,0.37,2023-10-20,815,N,VIIRS,n,2,300.78,1.5,D,0,2023-10-16,5,VIIRS_SNPP_SP
31.05603,75.20332,342.51,0.44,0.38,2023-10-20,815,N,VIIRS,n,2,303.43,10.41,D,0,2023-10-16,5,VIIRS_SNPP_SP
31.10023,75.29416,332.21,0.44,0.38,2023-10-20,815,N,VIIRS,n,2,300.16,5.46,D,0,2023-10-16,5,VIIRS_SNPP_SP
31.13318,74.50056,329.7,0.41,0.37,2023-10-20,815,N,VIIRS,n,2,300.69,1.74,D,0,2023-10-16,5,VIIRS_SNPP_SP
31.13728,74.26999,337.13,0.41,0.37,2023-10-20,815,N,VIIRS,n,2,301.54,3.09,D,0,2023-10-16,5,VIIRS_SNPP_SP
31.13997,73.73348,332.0,0.4,0.37,2023-10-20,815,N,VIIRS,n,2,300.7,3.36,D,0,2023-10-16,5,VIIRS_SNPP_SP
31.15079,75.24525,333.61,0.44,0.38,2023-10-20,815,N,VIIRS,n,2,301.98,4.2,D,0,2023-10-16,5,VIIRS_SNPP_SP
31.15619,74.56781,334.33,0.42,0.37,2023-10-20,815,N,VIIRS,n,2,300.5,2.02,D,0,2023-10-16,5,VIIRS_SNPP_SP
31.16223,73.69512,346.78,0.4,0.37,2023-10-20,815,N,VIIRS,n,2,303.36,12.99,D,0,2023-10-16,5,VIIRS_SNPP_SP
31.16559,73.69449,345.01,0.4,0.37,2023-10-20,815,N,VIIRS,n,2,302.74,12.99,D,0,2023-10-16,5,VIIRS_SNPP_SP
31.16652,74.56596,331.27,0.42,0.37,2023-10-20,815,N,VIIRS,n,2,298.51,3.75,D,0,2023-10-16,5,VIIRS_SNPP_SP
31.18558,74.62978,332.05,0.42,0.38,2023-10-20,815,N,VIIRS,n,2,299.89,3.21,D,0,2023-10-16,5,VIIRS_SNPP_SP
31.18827,74.54414,334.71,0.42,0.37,2023-10-20,815,N,VIIRS,n,2,301.69,3.17,D,0,2023-10-16,5,VIIRS_SNPP_SP
31.19172,74.54353,336.33,0.42,0.37,2023-10-20,815,N,VIIRS,n,2,300.77,4.54,D,0,2023-10-16,5,VIIRS_SNPP_SP
31.21717,75.11831,332.36,0.43,0.38,2023-10-20,815,N,VIIRS,n,2,302.23,6.08,D,0,2023-10-16,5,VIIRS_SNPP_SP
31.22069,75.1177,345.6,0.43,0.38,2023-10-20,815,N,VIIRS,n,2,299.94,6.08,D,0,2023-10-16,5,VIIRS_SNPP_SP
31.22152,73.51863,344.24,0.39,0.36,2023-10-20,815,N,VIIRS,n,2,301.88,6.52,D,0,2023-10-16,5,VIIRS_SNPP_SP
31.25855,74.66264,332.32,0.42,0.38,2023-10-20,815,N,VIIRS,n,2,299.92,4.13,D,0,2023-10-16,5,VIIRS_SNPP_SP
31.28321,73.63876,343.46,0.4,0.37,2023-10-20,815,N,VIIRS,n,2,302.74,11.37,D,0,2023-10-16,5,VIIRS_SNPP_SP
31.33688,75.27272,335.74,0.44,0.38,2023-10-20,815,N,VIIRS,n,2,301.4,6.66,D,0,2023-10-16,5,VIIRS_SNPP_SP
31.39309,74.78531,337.28,0.42,0.38,2023-10-20,815,N,VIIRS,n,2,302.33,4.55,D,0,2023-10-16,5,VIIRS_SNPP_SP
31.41821,75.23026,332.68,0.44,0.38,2023-10-20,815,N,VIIRS,n,2,300.72,22.84,D,0,2023-10-16,5,VIIRS_SNPP_SP
31.42682,74.90792,332.08,0.43,0.38,2023-10-20,815,N,VIIRS,n,2,300.64,1.81,D,0,2023-10-16,5,VIIRS_SNPP_SP
31.43253,74.81491,334.26,0.43,0.38,2023-10-20,815,N,VIIRS,n,2,300.36,3.31,D,0,2023-10-16,5,VIIRS_SNPP_SP
31.47665,75.09921,348.16,0.44,0.38,2023-10-20,815,N,VIIRS,n,2,303.2,8.53,D,0,2023-10-16,5,VIIRS_SNPP_SP
31.48007,75.52836,336.13,0.45,0.39,2023-10-20,815,N,VIIRS,n,2,304.04,4.61,D,0,2023-10-16,5,VIIRS_SNPP_SP
31.48483,75.07903,333.12,0.43,0.38,2023-10-20,815,N,VIIRS,n,2,301.98,3.81,D,0,2023-10-16,5,VIIRS_SNPP_SP
31.49737,75.23239,330.7,0.44,0.38,2023-10-20,815,N,VIIRS,l,2,301.1,4.71,D,0,2023-10-16,5,VIIRS_SNPP_SP
31.50091,75.23177,333.41,0.44,0.38,2023-10-20,815,N,VIIRS,n,2,301.41,4.71,D,0,2023-10-16,5,VIIRS_SNPP_SP
31.50585,75.04727,335.71,0.43,0.38,2023-10-20,815,N,VIIRS,n,2,302.02,3.66,D,0,2023-10-16,5,VIIRS_SNPP_SP
31.51577,74.848,333.38,0.43,0.38,2023-10-20,815,N,VIIRS,n,2,300.35,2.42,D,0,2023-10-16,5,VIIRS_SNPP_SP
31.51827,75.08726,329.6,0.44,0.38,2023-10-20,815,N,VIIRS,l,2,301.3,2.74,D,0,2023-10-16,5,VIIRS_SNPP_SP
31.52153,75.08881,336.45,0.44,0.38,2023-10-20,815,N,VIIRS,n,2,301.83,3.48,D,0,2023-10-16,5,VIIRS_SNPP_SP
31.52178,75.08665,331.16,0.44,0.38,2023-10-20,815,N,VIIRS,l,2,301.38,2.83,D,0,2023-10-16,5,VIIRS_SNPP_SP
31.52967,75.17471,329.79,0.44,0.38,2023-10-20,815,N,VIIRS,n,2,300.13,2.35,D,0,2023-10-16,5,VIIRS_SNPP_SP
31.57234,74.92585,332.69,0.43,0.38,2023-10-20,815,N,VIIRS,n,2,301.32,3.0,D,0,2023-10-16,5,VIIRS_SNPP_SP
31.58898,75.0817,332.75,0.44,0.38,2023-10-20,815,N,VIIRS,n,2,301.09,2.85,D,0,2023-10-16,5,VIIRS_SNPP_SP
31.59069,74.82089,331.09,0.43,0.38,2023-10-20,815,N,VIIRS,n,2,300.53,3.18,D,0,2023-10-16,5,VIIRS_SNPP_SP
31.62955,74.97778,336.39,0.43,0.38,2023-10-20,815,N,VIIRS,n,2,300.81,3.29,D,0,2023-10-16,5,VIIRS_SNPP_SP
31.66381,74.61234,333.1,0.42,0.38,2023-10-20,815,N,VIIRS,n,2,299.0,2.61,D,0,2023-10-16,5,VIIRS_SNPP_SP
31.70504,74.78466,335.89,0.43,0.38,2023-10-20,815,N,VIIRS,n,2,300.55,1.89,D,0,2023-10-16,5,VIIRS_SNPP_SP
31.70593,78.44092,328.75,0.42,0.45,2023-10-20,815,N,VIIRS,n,2,302.74,2.78,D,0,2023-10-16,5,VIIRS_SNPP_SP
31.723,74.7308,331.5,0.43,0.38,2023-10-20,815,N,VIIRS,n,2,298.79,3.52,D,0,2023-10-16,5,VIIRS_SNPP_SP
31.743,75.47331,332.68,0.45,0.39,2023-10-20,815,N,VIIRS,n,2,302.46,3.78,D,0,2023-10-16,5,VIIRS_SNPP_SP
31.76214,74.62304,346.61,0.42,0.38,2023-10-20,815,N,VIIRS,n,2,305.72,27.23,D,0,2023-10-16,5,VIIRS_SNPP_SP
31.78743,74.58794,333.5,0.42,0.38,2023-10-20,815,N,VIIRS,n,2,299.14,2.55,D,0,2023-10-16,5,VIIRS_SNPP_SP
31.79169,73.68781,331.07,0.4,0.37,2023-10-20,815,N,VIIRS,n,2,298.98,1.11,D,0,2023-10-16,5,VIIRS_SNPP_SP
31.79335,75.02531,329.56,0.44,0.38,2023-10-20,815,N,VIIRS,l,2,299.77,3.12,D,0,2023-10-16,5,VIIRS_SNPP_SP
31.7986,75.01027,332.34,0.44,0.38,2023-10-20,815,N,VIIRS,n,2,300.74,2.51,D,0,2023-10-16,5,VIIRS_SNPP_SP
31.89083,74.75304,331.56,0.43,0.38,2023-10-20,815,N,VIIRS,n,2,299.23,9.63,D,0,2023-10-16,5,VIIRS_SNPP_SP
31.8967,74.77051,329.83,0.43,0.38,2023-10-20,815,N,VIIRS,n,2,299.59,1.66,D,0,2023-10-16,5,VIIRS_SNPP_SP
31.95942,75.16895,336.98,0.44,0.39,2023-10-20,815,N,VIIRS,n,2,301.02,4.45,D,0,2023-10-16,5,VIIRS_SNPP_SP
32.39666,74.97663,330.56,0.44,0.38,2023-10-20,815,N,VIIRS,n,2,300.57,3.07,D,0,2023-10-16,5,VIIRS_SNPP_SP
32.33942,73.71997,331.17,0.4,0.37,2023-10-20,816,N,VIIRS,n,2,297.04,2.04,D,0,2023-10-16,5,VIIRS_SNPP_SP
28.77506,77.30764,299.05,0.39,0.36,2023-10-20,2039,N,VIIRS,n,2,288.92,0.4,N,0,2023-10-16,5,VIIRS_SNPP_SP
28.79686,77.07048,303.72,0.39,0.36,2023-10-20,2039,N,VIIRS,n,2,292.54,0.83,N,0,2023-10-16,5,VIIRS_SNPP_SP
29.00463,76.9218,306.24,0.39,0.36,2023-10-20,2039,N,VIIRS,n,2,287.79,0.6,N,0,2023-10-16,5,VIIRS_SNPP_SP
29.90797,74.95007,330.46,0.4,0.37,2023-10-20,2039,N,VIIRS,n,2,289.46,2.83,N,2,2023-10-16,5,VIIRS_SNPP_SP
29.91133,74.95071,330.81,0.4,0.37,2023-10-20,2039,N,VIIRS,n,2,290.94,2.83,N,2,2023-10-16,5,VIIRS_SNPP_SP
29.96442,76.68862,326.75,0.38,0.36,2023-10-20,2039,N,VIIRS,n,2,290.59,2.28,N,0,2023-10-16,5,VIIRS_SNPP_SP
30.90122,75.883,308.63,0.39,0.36,2023-10-20,2039,N,VIIRS,n,2,291.39,0.47,N,0,2023-10-16,5,VIIRS_SNPP_SP
31.2493,76.92828,304.96,0.38,0.36,2023-10-20,2039,N,VIIRS,n,2,285.67,0.91,N,2,2023-10-16,5,VIIRS_SNPP_SP
31.32883,76.89478,301.6,0.38,0.36,2023-10-20,2039,N,VIIRS,n,2,287.96,0.68,N,2,2023-10-16,5,VIIRS_SNPP_SP
31.4132,76.83382,300.15,0.38,0.36,2023-10-20,2039,N,VIIRS,n,2,288.49,0.69,N,0,2023-10-16,5,VIIRS_SNPP_SP
27.66917,76.12956,310.43,0.38,0.36,2023-10-20,2040,N,VIIRS,n,2,294.45,1.64,N,2,2023-10-16,5,VIIRS_SNPP_SP
